[2026-09-10 12:06:53] production.ERROR: oci_connect(): ORA-24415: Missing or null username.
Help: https://docs.oracle.com/error-help/db/ora-24415/ {"exception":"[object] (ErrorException(code: 0): oci_connect(): ORA-24415: Missing or null username.
Help: https://docs.oracle.com/error-help/db/ora-24415/ at C:/xampp/htdocs/riskmanagementsystem/risk-management/vendor/yajra/laravel-pdo-via-oci8/src/Pdo/Oci8.php:145)
[stacktrace]
#0 C:/xampp/htdocs/riskmanagementsystem/risk-management/vendor/laravel/framework/src/Illuminate/Foundation/Bootstrap/HandleExceptions.php(258): Illuminate/Foundation/Bootstrap/HandleExceptions->handleError(2, 'oci_connect(): ...', 'C://xampp//htdocs...', 145)
#1 [internal function]: Illuminate/Foundation/Bootstrap/HandleExceptions->Illuminate/Foundation/Bootstrap/{closure}(2, 'oci_connect(): ...', 'C://xampp//htdocs...', 145)
#2 C:/xampp/htdocs/riskmanagementsystem/risk-management/vendor/yajra/laravel-pdo-via-oci8/src/Pdo/Oci8.php(145): oci_connect('', Object(SensitiveParameterValue), '(DESCRIPTION = ...', 'AL32UTF8', 0)
#3 C:/xampp/htdocs/riskmanagementsystem/risk-management/vendor/yajra/laravel-pdo-via-oci8/src/Pdo/Oci8.php(103): Yajra/Pdo/Oci8->connectOracle('(DESCRIPTION = ...', '', '', Array, 'AL32UTF8')
#4 C:/xampp/htdocs/riskmanagementsystem/risk-management/vendor/yajra/laravel-oci8/src/Oci8/Connectors/OracleConnector.php(231): Yajra/Pdo/Oci8->__construct('(DESCRIPTION = ...', '', '', Array)
#5 C:/xampp/htdocs/riskmanagementsystem/risk-management/vendor/laravel/framework/src/Illuminate/Database/Connectors/Connector.php(44): Yajra/Oci8/Connectors/OracleConnector->createPdoConnection('(DESCRIPTION = ...', '', '', Array)
#6 C:/xampp/htdocs/riskmanagementsystem/risk-management/vendor/yajra/laravel-oci8/src/Oci8/Connectors/OracleConnector.php(217): Illuminate/Database/Connectors/Connector->createConnection('(DESCRIPTION = ...', Array, Array)
#7 C:/xampp/htdocs/riskmanagementsystem/risk-management/vendor/yajra/laravel-oci8/src/Oci8/Connectors/OracleConnector.php(43): Yajra/Oci8/Connectors/OracleConnector->createConnection('(DESCRIPTION = ...', Array, Array)
#8 C:/xampp/htdocs/riskmanagementsystem/risk-management/vendor/yajra/laravel-oci8/src/Oci8/Oci8ServiceProvider.php(58): Yajra/Oci8/Connectors/OracleConnector->connect(Array)
#9 C:/xampp/htdocs/riskmanagementsystem/risk-management/vendor/laravel/framework/src/Illuminate/Database/Connectors/ConnectionFactory.php(270): Yajra/Oci8/Oci8ServiceProvider->Yajra/Oci8/{closure}(Object(Closure), '', '', Array)
#10 C:/xampp/htdocs/riskmanagementsystem/risk-management/vendor/laravel/framework/src/Illuminate/Database/Connectors/ConnectionFactory.php(76): Illuminate/Database/Connectors/ConnectionFactory->createConnection('oracle', Object(Closure), '', '', Array)
#11 C:/xampp/htdocs/riskmanagementsystem/risk-management/vendor/laravel/framework/src/Illuminate/Database/Connectors/ConnectionFactory.php(51): Illuminate/Database/Connectors/ConnectionFactory->createSingleConnection(Array)
#12 C:/xampp/htdocs/riskmanagementsystem/risk-management/vendor/laravel/framework/src/Illuminate/Database/DatabaseManager.php(207): Illuminate/Database/Connectors/ConnectionFactory->make(Array, 'oracle')
#13 C:/xampp/htdocs/riskmanagementsystem/risk-management/vendor/laravel/framework/src/Illuminate/Database/DatabaseManager.php(103): Illuminate/Database/DatabaseManager->makeConnection('oracle')
#14 C:/xampp/htdocs/riskmanagementsystem/risk-management/vendor/laravel/framework/src/Illuminate/Cache/CacheManager.php(227): Illuminate/Database/DatabaseManager->connection('oracle')
#15 C:/xampp/htdocs/riskmanagementsystem/risk-management/vendor/laravel/framework/src/Illuminate/Cache/CacheManager.php(113): Illuminate/Cache/CacheManager->createDatabaseDriver(Array)
#16 C:/xampp/htdocs/riskmanagementsystem/risk-management/vendor/laravel/framework/src/Illuminate/Cache/CacheManager.php(93): Illuminate/Cache/CacheManager->build(Array)
#17 C:/xampp/htdocs/riskmanagementsystem/risk-management/vendor/laravel/framework/src/Illuminate/Cache/CacheManager.php(61): Illuminate/Cache/CacheManager->resolve('database')
#18 C:/xampp/htdocs/riskmanagementsystem/risk-management/vendor/spatie/laravel-permission/src/PermissionRegistrar.php(90): Illuminate/Cache/CacheManager->store()
#19 C:/xampp/htdocs/riskmanagementsystem/risk-management/vendor/spatie/laravel-permission/src/PermissionRegistrar.php(79): Spatie/Permission/PermissionRegistrar->getCacheStoreFromConfig()
#20 C:/xampp/htdocs/riskmanagementsystem/risk-management/vendor/spatie/laravel-permission/src/PermissionRegistrar.php(64): Spatie/Permission/PermissionRegistrar->initializeCache()
#21 [internal function]: Spatie/Permission/PermissionRegistrar->__construct(Object(Illuminate/Cache/CacheManager))
#22 C:/xampp/htdocs/riskmanagementsystem/risk-management/vendor/laravel/framework/src/Illuminate/Container/Container.php(1004): ReflectionClass->newInstanceArgs(Array)
#23 C:/xampp/htdocs/riskmanagementsystem/risk-management/vendor/laravel/framework/src/Illuminate/Container/Container.php(321): Illuminate/Container/Container->build('Spatie//Permissi...')
#24 C:/xampp/htdocs/riskmanagementsystem/risk-management/vendor/laravel/framework/src/Illuminate/Container/Container.php(952): Illuminate/Container/Container->Illuminate/Container/{closure}(Object(Illuminate/Foundation/Application), Array)
#25 C:/xampp/htdocs/riskmanagementsystem/risk-management/vendor/laravel/framework/src/Illuminate/Container/Container.php(832): Illuminate/Container/Container->build(Object(Closure))
#26 C:/xampp/htdocs/riskmanagementsystem/risk-management/vendor/laravel/framework/src/Illuminate/Foundation/Application.php(1078): Illuminate/Container/Container->resolve('Spatie//Permissi...', Array, true)
#27 C:/xampp/htdocs/riskmanagementsystem/risk-management/vendor/laravel/framework/src/Illuminate/Container/Container.php(777): Illuminate/Foundation/Application->resolve('Spatie//Permissi...')
#28 C:/xampp/htdocs/riskmanagementsystem/risk-management/vendor/spatie/laravel-permission/src/PermissionServiceProvider.php(37): Illuminate/Container/Container->get('Spatie//Permissi...')
#29 C:/xampp/htdocs/riskmanagementsystem/risk-management/vendor/laravel/framework/src/Illuminate/Container/Container.php(1432): Spatie/Permission/PermissionServiceProvider->Spatie/Permission/{closure}(Object(Illuminate/Auth/Access/Gate), Object(Illuminate/Foundation/Application))
#30 C:/xampp/htdocs/riskmanagementsystem/risk-management/vendor/laravel/framework/src/Illuminate/Container/Container.php(1368): Illuminate/Container/Container->fireCallbackArray(Object(Illuminate/Auth/Access/Gate), Array)
#31 C:/xampp/htdocs/riskmanagementsystem/risk-management/vendor/laravel/framework/src/Illuminate/Container/Container.php(1354): Illuminate/Container/Container->fireAfterResolvingCallbacks('Illuminate//Cont...', Object(Illuminate/Auth/Access/Gate))
#32 C:/xampp/htdocs/riskmanagementsystem/risk-management/vendor/laravel/framework/src/Illuminate/Container/Container.php(850): Illuminate/Container/Container->fireResolvingCallbacks('Illuminate//Cont...', Object(Illuminate/Auth/Access/Gate))
#33 C:/xampp/htdocs/riskmanagementsystem/risk-management/vendor/laravel/framework/src/Illuminate/Foundation/Application.php(1078): Illuminate/Container/Container->resolve('Illuminate//Cont...', Array, true)
#34 C:/xampp/htdocs/riskmanagementsystem/risk-management/vendor/laravel/framework/src/Illuminate/Container/Container.php(763): Illuminate/Foundation/Application->resolve('Illuminate//Cont...', Array)
#35 C:/xampp/htdocs/riskmanagementsystem/risk-management/vendor/laravel/framework/src/Illuminate/Foundation/Application.php(1058): Illuminate/Container/Container->make('Illuminate//Cont...', Array)
#36 C:/xampp/htdocs/riskmanagementsystem/risk-management/vendor/laravel/framework/src/Illuminate/Container/Container.php(1580): Illuminate/Foundation/Application->make('Illuminate//Cont...')
#37 C:/xampp/htdocs/riskmanagementsystem/risk-management/vendor/laravel/framework/src/Illuminate/Support/Facades/Facade.php(239): Illuminate/Container/Container->offsetGet('Illuminate//Cont...')
#38 C:/xampp/htdocs/riskmanagementsystem/risk-management/vendor/laravel/framework/src/Illuminate/Support/Facades/Facade.php(210): Illuminate/Support/Facades/Facade::resolveFacadeInstance('Illuminate//Cont...')
#39 C:/xampp/htdocs/riskmanagementsystem/risk-management/vendor/laravel/framework/src/Illuminate/Support/Facades/Facade.php(355): Illuminate/Support/Facades/Facade::getFacadeRoot()
#40 C:/xampp/htdocs/riskmanagementsystem/risk-management/app/Providers/AppServiceProvider.php(29): Illuminate/Support/Facades/Facade::__callStatic('before', Array)
#41 C:/xampp/htdocs/riskmanagementsystem/risk-management/vendor/laravel/framework/src/Illuminate/Container/BoundMethod.php(36): App/Providers/AppServiceProvider->boot()
#42 C:/xampp/htdocs/riskmanagementsystem/risk-management/vendor/laravel/framework/src/Illuminate/Container/Util.php(43): Illuminate/Container/BoundMethod::Illuminate/Container/{closure}()
#43 C:/xampp/htdocs/riskmanagementsystem/risk-management/vendor/laravel/framework/src/Illuminate/Container/BoundMethod.php(95): Illuminate/Container/Util::unwrapIfClosure(Object(Closure))
#44 C:/xampp/htdocs/riskmanagementsystem/risk-management/vendor/laravel/framework/src/Illuminate/Container/BoundMethod.php(35): Illuminate/Container/BoundMethod::callBoundMethod(Object(Illuminate/Foundation/Application), Array, Object(Closure))
#45 C:/xampp/htdocs/riskmanagementsystem/risk-management/vendor/laravel/framework/src/Illuminate/Container/Container.php(696): Illuminate/Container/BoundMethod::call(Object(Illuminate/Foundation/Application), Array, Array, NULL)
#46 C:/xampp/htdocs/riskmanagementsystem/risk-management/vendor/laravel/framework/src/Illuminate/Foundation/Application.php(1151): Illuminate/Container/Container->call(Array)
#47 C:/xampp/htdocs/riskmanagementsystem/risk-management/vendor/laravel/framework/src/Illuminate/Foundation/Application.php(1132): Illuminate/Foundation/Application->bootProvider(Object(App/Providers/AppServiceProvider))
#48 [internal function]: Illuminate/Foundation/Application->Illuminate/Foundation/{closure}(Object(App/Providers/AppServiceProvider), 'App//Providers//A...')
#49 C:/xampp/htdocs/riskmanagementsystem/risk-management/vendor/laravel/framework/src/Illuminate/Foundation/Application.php(1131): array_walk(Array, Object(Closure))
#50 C:/xampp/htdocs/riskmanagementsystem/risk-management/vendor/laravel/framework/src/Illuminate/Foundation/Bootstrap/BootProviders.php(17): Illuminate/Foundation/Application->boot()
#51 C:/xampp/htdocs/riskmanagementsystem/risk-management/vendor/laravel/framework/src/Illuminate/Foundation/Application.php(342): Illuminate/Foundation/Bootstrap/BootProviders->bootstrap(Object(Illuminate/Foundation/Application))
#52 C:/xampp/htdocs/riskmanagementsystem/risk-management/vendor/laravel/framework/src/Illuminate/Foundation/Console/Kernel.php(474): Illuminate/Foundation/Application->bootstrapWith(Array)
#53 C:/xampp/htdocs/riskmanagementsystem/risk-management/vendor/laravel/framework/src/Illuminate/Foundation/Console/Kernel.php(196): Illuminate/Foundation/Console/Kernel->bootstrap()
#54 C:/xampp/htdocs/riskmanagementsystem/risk-management/vendor/laravel/framework/src/Illuminate/Foundation/Application.php(1235): Illuminate/Foundation/Console/Kernel->handle(Object(Symfony/Component/Console/Input/ArgvInput), Object(Symfony/Component/Console/Output/ConsoleOutput))
#55 C:/xampp/htdocs/riskmanagementsystem/risk-management/artisan(14): Illuminate/Foundation/Application->handleCommand(Object(Symfony/Component/Console/Input/ArgvInput))
#56 {main}
"} 
[2026-09-10 12:09:51] local.ERROR: Error Code    : 955
Error Message : ORA-00955: name is already used by an existing object
Help: https://docs.oracle.com/error-help/db/ora-00955/
Position      : 16
Statement     : create sequence risk_resolution_status_details minvalue 1  start with 1 increment by 1 
Bindings      : []
 (Connection: oracle, SQL: create sequence risk_resolution_status_details minvalue 1  start with 1 increment by 1 ) {"exception":"[object] (Illuminate\\Database\\QueryException(code: 955): Error Code    : 955

Error Message : ORA-00955: name is already used by an existing object
Help: https://docs.oracle.com/error-help/db/ora-00955/

Position      : 16

Statement     : create sequence risk_resolution_status_details minvalue 1  start with 1 increment by 1 

Bindings      : []

 (Connection: oracle, SQL: create sequence risk_resolution_status_details minvalue 1  start with 1 increment by 1 ) at C:/xampp/htdocs/riskmanagementsystem/risk-management/vendor/laravel/framework/src/Illuminate/Database/Connection.php:825)
[stacktrace]
#0 C:/xampp/htdocs/riskmanagementsystem/risk-management/vendor/laravel/framework/src/Illuminate/Database/Connection.php(779): Illuminate/Database/Connection->runQueryCallback('create sequence...', Array, Object(Closure))
#1 C:/xampp/htdocs/riskmanagementsystem/risk-management/vendor/laravel/framework/src/Illuminate/Database/Connection.php(560): Illuminate/Database/Connection->run('create sequence...', Array, Object(Closure))
#2 C:/xampp/htdocs/riskmanagementsystem/risk-management/vendor/yajra/laravel-oci8/src/Oci8/Schema/Sequence.php(47): Illuminate/Database/Connection->statement('create sequence...')
#3 C:/xampp/htdocs/riskmanagementsystem/risk-management/vendor/yajra/laravel-oci8/src/Oci8/Schema/OracleAutoIncrementHelper.php(59): Yajra/Oci8/Schema/Sequence->create('risk_resolution...', 1, '')
#4 C:/xampp/htdocs/riskmanagementsystem/risk-management/vendor/yajra/laravel-oci8/src/Oci8/Schema/OracleBuilder.php(50): Yajra/Oci8/Schema/OracleAutoIncrementHelper->createAutoIncrementObjects(Object(Yajra/Oci8/Schema/OracleBlueprint), 'risk_resolution...')
#5 C:/xampp/htdocs/riskmanagementsystem/risk-management/vendor/laravel/framework/src/Illuminate/Support/Facades/Facade.php(361): Yajra/Oci8/Schema/OracleBuilder->create('risk_resolution...', Object(Closure))
#6 C:/xampp/htdocs/riskmanagementsystem/risk-management/database/migrations/2025_02_01_000020_create_risk_resolution_status_details_table.php(13): Illuminate/Support/Facades/Facade::__callStatic('create', Array)
#7 C:/xampp/htdocs/riskmanagementsystem/risk-management/vendor/laravel/framework/src/Illuminate/Database/Migrations/Migrator.php(507): Illuminate/Database/Migrations/Migration@anonymous->up()
#8 C:/xampp/htdocs/riskmanagementsystem/risk-management/vendor/laravel/framework/src/Illuminate/Database/Migrations/Migrator.php(432): Illuminate/Database/Migrations/Migrator->runMethod(Object(Yajra/Oci8/Oci8Connection), Object(Illuminate/Database/Migrations/Migration@anonymous), 'up')
#9 C:/xampp/htdocs/riskmanagementsystem/risk-management/vendor/laravel/framework/src/Illuminate/Database/Concerns/ManagesTransactions.php(32): Illuminate/Database/Migrations/Migrator->Illuminate/Database/Migrations/{closure}(Object(Yajra/Oci8/Oci8Connection))
#10 C:/xampp/htdocs/riskmanagementsystem/risk-management/vendor/laravel/framework/src/Illuminate/Database/Migrations/Migrator.php(440): Illuminate/Database/Connection->transaction(Object(Closure))
#11 C:/xampp/htdocs/riskmanagementsystem/risk-management/vendor/laravel/framework/src/Illuminate/Database/Migrations/Migrator.php(244): Illuminate/Database/Migrations/Migrator->runMigration(Object(Illuminate/Database/Migrations/Migration@anonymous), 'up')
#12 C:/xampp/htdocs/riskmanagementsystem/risk-management/vendor/laravel/framework/src/Illuminate/Console/View/Components/Task.php(40): Illuminate/Database/Migrations/Migrator->Illuminate/Database/Migrations/{closure}()
#13 C:/xampp/htdocs/riskmanagementsystem/risk-management/vendor/laravel/framework/src/Illuminate/Database/Migrations/Migrator.php(798): Illuminate/Console/View/Components/Task->render('2025_02_01_0000...', Object(Closure))
#14 C:/xampp/htdocs/riskmanagementsystem/risk-management/vendor/laravel/framework/src/Illuminate/Database/Migrations/Migrator.php(244): Illuminate/Database/Migrations/Migrator->write('Illuminate//Cons...', '2025_02_01_0000...', Object(Closure))
#15 C:/xampp/htdocs/riskmanagementsystem/risk-management/vendor/laravel/framework/src/Illuminate/Database/Migrations/Migrator.php(211): Illuminate/Database/Migrations/Migrator->runUp('C://xampp//htdocs...', 1, false)
#16 C:/xampp/htdocs/riskmanagementsystem/risk-management/vendor/laravel/framework/src/Illuminate/Database/Migrations/Migrator.php(138): Illuminate/Database/Migrations/Migrator->runPending(Array, Array)
#17 C:/xampp/htdocs/riskmanagementsystem/risk-management/vendor/laravel/framework/src/Illuminate/Database/Console/Migrations/MigrateCommand.php(117): Illuminate/Database/Migrations/Migrator->run(Array, Array)
#18 C:/xampp/htdocs/riskmanagementsystem/risk-management/vendor/laravel/framework/src/Illuminate/Database/Migrations/Migrator.php(658): Illuminate/Database/Console/Migrations/MigrateCommand->Illuminate/Database/Console/Migrations/{closure}()
#19 C:/xampp/htdocs/riskmanagementsystem/risk-management/vendor/laravel/framework/src/Illuminate/Database/Console/Migrations/MigrateCommand.php(110): Illuminate/Database/Migrations/Migrator->usingConnection(NULL, Object(Closure))
#20 C:/xampp/htdocs/riskmanagementsystem/risk-management/vendor/laravel/framework/src/Illuminate/Database/Console/Migrations/MigrateCommand.php(89): Illuminate/Database/Console/Migrations/MigrateCommand->runMigrations()
#21 C:/xampp/htdocs/riskmanagementsystem/risk-management/vendor/laravel/framework/src/Illuminate/Container/BoundMethod.php(36): Illuminate/Database/Console/Migrations/MigrateCommand->handle()
#22 C:/xampp/htdocs/riskmanagementsystem/risk-management/vendor/laravel/framework/src/Illuminate/Container/Util.php(43): Illuminate/Container/BoundMethod::Illuminate/Container/{closure}()
#23 C:/xampp/htdocs/riskmanagementsystem/risk-management/vendor/laravel/framework/src/Illuminate/Container/BoundMethod.php(95): Illuminate/Container/Util::unwrapIfClosure(Object(Closure))
#24 C:/xampp/htdocs/riskmanagementsystem/risk-management/vendor/laravel/framework/src/Illuminate/Container/BoundMethod.php(35): Illuminate/Container/BoundMethod::callBoundMethod(Object(Illuminate/Foundation/Application), Array, Object(Closure))
#25 C:/xampp/htdocs/riskmanagementsystem/risk-management/vendor/laravel/framework/src/Illuminate/Container/Container.php(696): Illuminate/Container/BoundMethod::call(Object(Illuminate/Foundation/Application), Array, Array, NULL)
#26 C:/xampp/htdocs/riskmanagementsystem/risk-management/vendor/laravel/framework/src/Illuminate/Console/Command.php(213): Illuminate/Container/Container->call(Array)
#27 C:/xampp/htdocs/riskmanagementsystem/risk-management/vendor/symfony/console/Command/Command.php(341): Illuminate/Console/Command->execute(Object(Symfony/Component/Console/Input/ArrayInput), Object(Illuminate/Console/OutputStyle))
#28 C:/xampp/htdocs/riskmanagementsystem/risk-management/vendor/laravel/framework/src/Illuminate/Console/Command.php(182): Symfony/Component/Console/Command/Command->run(Object(Symfony/Component/Console/Input/ArrayInput), Object(Illuminate/Console/OutputStyle))
#29 C:/xampp/htdocs/riskmanagementsystem/risk-management/vendor/laravel/framework/src/Illuminate/Console/Concerns/CallsCommands.php(68): Illuminate/Console/Command->run(Object(Symfony/Component/Console/Input/ArrayInput), Object(Illuminate/Console/OutputStyle))
#30 C:/xampp/htdocs/riskmanagementsystem/risk-management/vendor/laravel/framework/src/Illuminate/Console/Concerns/CallsCommands.php(29): Illuminate/Console/Command->runCommand('migrate', Array, Object(Illuminate/Console/OutputStyle))
#31 C:/xampp/htdocs/riskmanagementsystem/risk-management/vendor/laravel/framework/src/Illuminate/Database/Console/Migrations/FreshCommand.php(82): Illuminate/Console/Command->call('migrate', Array)
#32 C:/xampp/htdocs/riskmanagementsystem/risk-management/vendor/laravel/framework/src/Illuminate/Container/BoundMethod.php(36): Illuminate/Database/Console/Migrations/FreshCommand->handle()
#33 C:/xampp/htdocs/riskmanagementsystem/risk-management/vendor/laravel/framework/src/Illuminate/Container/Util.php(43): Illuminate/Container/BoundMethod::Illuminate/Container/{closure}()
#34 C:/xampp/htdocs/riskmanagementsystem/risk-management/vendor/laravel/framework/src/Illuminate/Container/BoundMethod.php(95): Illuminate/Container/Util::unwrapIfClosure(Object(Closure))
#35 C:/xampp/htdocs/riskmanagementsystem/risk-management/vendor/laravel/framework/src/Illuminate/Container/BoundMethod.php(35): Illuminate/Container/BoundMethod::callBoundMethod(Object(Illuminate/Foundation/Application), Array, Object(Closure))
#36 C:/xampp/htdocs/riskmanagementsystem/risk-management/vendor/laravel/framework/src/Illuminate/Container/Container.php(696): Illuminate/Container/BoundMethod::call(Object(Illuminate/Foundation/Application), Array, Array, NULL)
#37 C:/xampp/htdocs/riskmanagementsystem/risk-management/vendor/laravel/framework/src/Illuminate/Console/Command.php(213): Illuminate/Container/Container->call(Array)
#38 C:/xampp/htdocs/riskmanagementsystem/risk-management/vendor/symfony/console/Command/Command.php(341): Illuminate/Console/Command->execute(Object(Symfony/Component/Console/Input/ArgvInput), Object(Illuminate/Console/OutputStyle))
#39 C:/xampp/htdocs/riskmanagementsystem/risk-management/vendor/laravel/framework/src/Illuminate/Console/Command.php(182): Symfony/Component/Console/Command/Command->run(Object(Symfony/Component/Console/Input/ArgvInput), Object(Illuminate/Console/OutputStyle))
#40 C:/xampp/htdocs/riskmanagementsystem/risk-management/vendor/symfony/console/Application.php(1117): Illuminate/Console/Command->run(Object(Symfony/Component/Console/Input/ArgvInput), Object(Symfony/Component/Console/Output/ConsoleOutput))
#41 C:/xampp/htdocs/riskmanagementsystem/risk-management/vendor/symfony/console/Application.php(356): Symfony/Component/Console/Application->doRunCommand(Object(Illuminate/Database/Console/Migrations/FreshCommand), Object(Symfony/Component/Console/Input/ArgvInput), Object(Symfony/Component/Console/Output/ConsoleOutput))
#42 C:/xampp/htdocs/riskmanagementsystem/risk-management/vendor/symfony/console/Application.php(195): Symfony/Component/Console/Application->doRun(Object(Symfony/Component/Console/Input/ArgvInput), Object(Symfony/Component/Console/Output/ConsoleOutput))
#43 C:/xampp/htdocs/riskmanagementsystem/risk-management/vendor/laravel/framework/src/Illuminate/Foundation/Console/Kernel.php(198): Symfony/Component/Console/Application->run(Object(Symfony/Component/Console/Input/ArgvInput), Object(Symfony/Component/Console/Output/ConsoleOutput))
#44 C:/xampp/htdocs/riskmanagementsystem/risk-management/vendor/laravel/framework/src/Illuminate/Foundation/Application.php(1235): Illuminate/Foundation/Console/Kernel->handle(Object(Symfony/Component/Console/Input/ArgvInput), Object(Symfony/Component/Console/Output/ConsoleOutput))
#45 C:/xampp/htdocs/riskmanagementsystem/risk-management/artisan(14): Illuminate/Foundation/Application->handleCommand(Object(Symfony/Component/Console/Input/ArgvInput))
#46 {main}

[previous exception] [object] (Yajra\\Pdo\\Oci8\\Exceptions\\Oci8Exception(code: 955): Error Code    : 955

Error Message : ORA-00955: name is already used by an existing object
Help: https://docs.oracle.com/error-help/db/ora-00955/

Position      : 16

Statement     : create sequence risk_resolution_status_details minvalue 1  start with 1 increment by 1 

Bindings      : []

 at C:/xampp/htdocs/riskmanagementsystem/risk-management/vendor/yajra/laravel-pdo-via-oci8/src/Pdo/Oci8/Statement.php:798)
[stacktrace]
#0 C:/xampp/htdocs/riskmanagementsystem/risk-management/vendor/laravel/framework/src/Illuminate/Database/Connection.php(571): Yajra/Pdo/Oci8/Statement->execute()
#1 C:/xampp/htdocs/riskmanagementsystem/risk-management/vendor/laravel/framework/src/Illuminate/Database/Connection.php(812): Illuminate/Database/Connection->Illuminate/Database/{closure}('create sequence...', Array)
#2 C:/xampp/htdocs/riskmanagementsystem/risk-management/vendor/laravel/framework/src/Illuminate/Database/Connection.php(779): Illuminate/Database/Connection->runQueryCallback('create sequence...', Array, Object(Closure))
#3 C:/xampp/htdocs/riskmanagementsystem/risk-management/vendor/laravel/framework/src/Illuminate/Database/Connection.php(560): Illuminate/Database/Connection->run('create sequence...', Array, Object(Closure))
#4 C:/xampp/htdocs/riskmanagementsystem/risk-management/vendor/yajra/laravel-oci8/src/Oci8/Schema/Sequence.php(47): Illuminate/Database/Connection->statement('create sequence...')
#5 C:/xampp/htdocs/riskmanagementsystem/risk-management/vendor/yajra/laravel-oci8/src/Oci8/Schema/OracleAutoIncrementHelper.php(59): Yajra/Oci8/Schema/Sequence->create('risk_resolution...', 1, '')
#6 C:/xampp/htdocs/riskmanagementsystem/risk-management/vendor/yajra/laravel-oci8/src/Oci8/Schema/OracleBuilder.php(50): Yajra/Oci8/Schema/OracleAutoIncrementHelper->createAutoIncrementObjects(Object(Yajra/Oci8/Schema/OracleBlueprint), 'risk_resolution...')
#7 C:/xampp/htdocs/riskmanagementsystem/risk-management/vendor/laravel/framework/src/Illuminate/Support/Facades/Facade.php(361): Yajra/Oci8/Schema/OracleBuilder->create('risk_resolution...', Object(Closure))
#8 C:/xampp/htdocs/riskmanagementsystem/risk-management/database/migrations/2025_02_01_000020_create_risk_resolution_status_details_table.php(13): Illuminate/Support/Facades/Facade::__callStatic('create', Array)
#9 C:/xampp/htdocs/riskmanagementsystem/risk-management/vendor/laravel/framework/src/Illuminate/Database/Migrations/Migrator.php(507): Illuminate/Database/Migrations/Migration@anonymous->up()
#10 C:/xampp/htdocs/riskmanagementsystem/risk-management/vendor/laravel/framework/src/Illuminate/Database/Migrations/Migrator.php(432): Illuminate/Database/Migrations/Migrator->runMethod(Object(Yajra/Oci8/Oci8Connection), Object(Illuminate/Database/Migrations/Migration@anonymous), 'up')
#11 C:/xampp/htdocs/riskmanagementsystem/risk-management/vendor/laravel/framework/src/Illuminate/Database/Concerns/ManagesTransactions.php(32): Illuminate/Database/Migrations/Migrator->Illuminate/Database/Migrations/{closure}(Object(Yajra/Oci8/Oci8Connection))
#12 C:/xampp/htdocs/riskmanagementsystem/risk-management/vendor/laravel/framework/src/Illuminate/Database/Migrations/Migrator.php(440): Illuminate/Database/Connection->transaction(Object(Closure))
#13 C:/xampp/htdocs/riskmanagementsystem/risk-management/vendor/laravel/framework/src/Illuminate/Database/Migrations/Migrator.php(244): Illuminate/Database/Migrations/Migrator->runMigration(Object(Illuminate/Database/Migrations/Migration@anonymous), 'up')
#14 C:/xampp/htdocs/riskmanagementsystem/risk-management/vendor/laravel/framework/src/Illuminate/Console/View/Components/Task.php(40): Illuminate/Database/Migrations/Migrator->Illuminate/Database/Migrations/{closure}()
#15 C:/xampp/htdocs/riskmanagementsystem/risk-management/vendor/laravel/framework/src/Illuminate/Database/Migrations/Migrator.php(798): Illuminate/Console/View/Components/Task->render('2025_02_01_0000...', Object(Closure))
#16 C:/xampp/htdocs/riskmanagementsystem/risk-management/vendor/laravel/framework/src/Illuminate/Database/Migrations/Migrator.php(244): Illuminate/Database/Migrations/Migrator->write('Illuminate//Cons...', '2025_02_01_0000...', Object(Closure))
#17 C:/xampp/htdocs/riskmanagementsystem/risk-management/vendor/laravel/framework/src/Illuminate/Database/Migrations/Migrator.php(211): Illuminate/Database/Migrations/Migrator->runUp('C://xampp//htdocs...', 1, false)
#18 C:/xampp/htdocs/riskmanagementsystem/risk-management/vendor/laravel/framework/src/Illuminate/Database/Migrations/Migrator.php(138): Illuminate/Database/Migrations/Migrator->runPending(Array, Array)
#19 C:/xampp/htdocs/riskmanagementsystem/risk-management/vendor/laravel/framework/src/Illuminate/Database/Console/Migrations/MigrateCommand.php(117): Illuminate/Database/Migrations/Migrator->run(Array, Array)
#20 C:/xampp/htdocs/riskmanagementsystem/risk-management/vendor/laravel/framework/src/Illuminate/Database/Migrations/Migrator.php(658): Illuminate/Database/Console/Migrations/MigrateCommand->Illuminate/Database/Console/Migrations/{closure}()
#21 C:/xampp/htdocs/riskmanagementsystem/risk-management/vendor/laravel/framework/src/Illuminate/Database/Console/Migrations/MigrateCommand.php(110): Illuminate/Database/Migrations/Migrator->usingConnection(NULL, Object(Closure))
#22 C:/xampp/htdocs/riskmanagementsystem/risk-management/vendor/laravel/framework/src/Illuminate/Database/Console/Migrations/MigrateCommand.php(89): Illuminate/Database/Console/Migrations/MigrateCommand->runMigrations()
#23 C:/xampp/htdocs/riskmanagementsystem/risk-management/vendor/laravel/framework/src/Illuminate/Container/BoundMethod.php(36): Illuminate/Database/Console/Migrations/MigrateCommand->handle()
#24 C:/xampp/htdocs/riskmanagementsystem/risk-management/vendor/laravel/framework/src/Illuminate/Container/Util.php(43): Illuminate/Container/BoundMethod::Illuminate/Container/{closure}()
#25 C:/xampp/htdocs/riskmanagementsystem/risk-management/vendor/laravel/framework/src/Illuminate/Container/BoundMethod.php(95): Illuminate/Container/Util::unwrapIfClosure(Object(Closure))
#26 C:/xampp/htdocs/riskmanagementsystem/risk-management/vendor/laravel/framework/src/Illuminate/Container/BoundMethod.php(35): Illuminate/Container/BoundMethod::callBoundMethod(Object(Illuminate/Foundation/Application), Array, Object(Closure))
#27 C:/xampp/htdocs/riskmanagementsystem/risk-management/vendor/laravel/framework/src/Illuminate/Container/Container.php(696): Illuminate/Container/BoundMethod::call(Object(Illuminate/Foundation/Application), Array, Array, NULL)
#28 C:/xampp/htdocs/riskmanagementsystem/risk-management/vendor/laravel/framework/src/Illuminate/Console/Command.php(213): Illuminate/Container/Container->call(Array)
#29 C:/xampp/htdocs/riskmanagementsystem/risk-management/vendor/symfony/console/Command/Command.php(341): Illuminate/Console/Command->execute(Object(Symfony/Component/Console/Input/ArrayInput), Object(Illuminate/Console/OutputStyle))
#30 C:/xampp/htdocs/riskmanagementsystem/risk-management/vendor/laravel/framework/src/Illuminate/Console/Command.php(182): Symfony/Component/Console/Command/Command->run(Object(Symfony/Component/Console/Input/ArrayInput), Object(Illuminate/Console/OutputStyle))
#31 C:/xampp/htdocs/riskmanagementsystem/risk-management/vendor/laravel/framework/src/Illuminate/Console/Concerns/CallsCommands.php(68): Illuminate/Console/Command->run(Object(Symfony/Component/Console/Input/ArrayInput), Object(Illuminate/Console/OutputStyle))
#32 C:/xampp/htdocs/riskmanagementsystem/risk-management/vendor/laravel/framework/src/Illuminate/Console/Concerns/CallsCommands.php(29): Illuminate/Console/Command->runCommand('migrate', Array, Object(Illuminate/Console/OutputStyle))
#33 C:/xampp/htdocs/riskmanagementsystem/risk-management/vendor/laravel/framework/src/Illuminate/Database/Console/Migrations/FreshCommand.php(82): Illuminate/Console/Command->call('migrate', Array)
#34 C:/xampp/htdocs/riskmanagementsystem/risk-management/vendor/laravel/framework/src/Illuminate/Container/BoundMethod.php(36): Illuminate/Database/Console/Migrations/FreshCommand->handle()
#35 C:/xampp/htdocs/riskmanagementsystem/risk-management/vendor/laravel/framework/src/Illuminate/Container/Util.php(43): Illuminate/Container/BoundMethod::Illuminate/Container/{closure}()
#36 C:/xampp/htdocs/riskmanagementsystem/risk-management/vendor/laravel/framework/src/Illuminate/Container/BoundMethod.php(95): Illuminate/Container/Util::unwrapIfClosure(Object(Closure))
#37 C:/xampp/htdocs/riskmanagementsystem/risk-management/vendor/laravel/framework/src/Illuminate/Container/BoundMethod.php(35): Illuminate/Container/BoundMethod::callBoundMethod(Object(Illuminate/Foundation/Application), Array, Object(Closure))
#38 C:/xampp/htdocs/riskmanagementsystem/risk-management/vendor/laravel/framework/src/Illuminate/Container/Container.php(696): Illuminate/Container/BoundMethod::call(Object(Illuminate/Foundation/Application), Array, Array, NULL)
#39 C:/xampp/htdocs/riskmanagementsystem/risk-management/vendor/laravel/framework/src/Illuminate/Console/Command.php(213): Illuminate/Container/Container->call(Array)
#40 C:/xampp/htdocs/riskmanagementsystem/risk-management/vendor/symfony/console/Command/Command.php(341): Illuminate/Console/Command->execute(Object(Symfony/Component/Console/Input/ArgvInput), Object(Illuminate/Console/OutputStyle))
#41 C:/xampp/htdocs/riskmanagementsystem/risk-management/vendor/laravel/framework/src/Illuminate/Console/Command.php(182): Symfony/Component/Console/Command/Command->run(Object(Symfony/Component/Console/Input/ArgvInput), Object(Illuminate/Console/OutputStyle))
#42 C:/xampp/htdocs/riskmanagementsystem/risk-management/vendor/symfony/console/Application.php(1117): Illuminate/Console/Command->run(Object(Symfony/Component/Console/Input/ArgvInput), Object(Symfony/Component/Console/Output/ConsoleOutput))
#43 C:/xampp/htdocs/riskmanagementsystem/risk-management/vendor/symfony/console/Application.php(356): Symfony/Component/Console/Application->doRunCommand(Object(Illuminate/Database/Console/Migrations/FreshCommand), Object(Symfony/Component/Console/Input/ArgvInput), Object(Symfony/Component/Console/Output/ConsoleOutput))
#44 C:/xampp/htdocs/riskmanagementsystem/risk-management/vendor/symfony/console/Application.php(195): Symfony/Component/Console/Application->doRun(Object(Symfony/Component/Console/Input/ArgvInput), Object(Symfony/Component/Console/Output/ConsoleOutput))
#45 C:/xampp/htdocs/riskmanagementsystem/risk-management/vendor/laravel/framework/src/Illuminate/Foundation/Console/Kernel.php(198): Symfony/Component/Console/Application->run(Object(Symfony/Component/Console/Input/ArgvInput), Object(Symfony/Component/Console/Output/ConsoleOutput))
#46 C:/xampp/htdocs/riskmanagementsystem/risk-management/vendor/laravel/framework/src/Illuminate/Foundation/Application.php(1235): Illuminate/Foundation/Console/Kernel->handle(Object(Symfony/Component/Console/Input/ArgvInput), Object(Symfony/Component/Console/Output/ConsoleOutput))
#47 C:/xampp/htdocs/riskmanagementsystem/risk-management/artisan(14): Illuminate/Foundation/Application->handleCommand(Object(Symfony/Component/Console/Input/ArgvInput))
#48 {main}
"} 
[2026-09-10 12:16:31] local.ERROR: Error Code    : 2449
Error Message : ORA-02449: unique/primary keys in table referenced by foreign keys
ORA-06512: at line 5
Help: https://docs.oracle.com/error-help/db/ora-02449/
Position      : 0
Statement     : declare c int;
            begin
               select count(*) into c from user_tables where upper(table_name) = upper('POTENTIAL_RISK_REGISTERS');
               if c = 1 then
                  execute immediate 'drop table "POTENTIAL_RISK_REGISTERS"';
               end if;
            end;
Bindings      : []
 (Connection: oracle, SQL: declare c int;
            begin
               select count(*) into c from user_tables where upper(table_name) = upper('POTENTIAL_RISK_REGISTERS');
               if c = 1 then
                  execute immediate 'drop table "POTENTIAL_RISK_REGISTERS"';
               end if;
            end;) {"exception":"[object] (Illuminate\\Database\\QueryException(code: 2449): Error Code    : 2449

Error Message : ORA-02449: unique/primary keys in table referenced by foreign keys
ORA-06512: at line 5
Help: https://docs.oracle.com/error-help/db/ora-02449/

Position      : 0

Statement     : declare c int;
            begin
               select count(*) into c from user_tables where upper(table_name) = upper('POTENTIAL_RISK_REGISTERS');
               if c = 1 then
                  execute immediate 'drop table \"POTENTIAL_RISK_REGISTERS\"';
               end if;
            end;

Bindings      : []

 (Connection: oracle, SQL: declare c int;
            begin
               select count(*) into c from user_tables where upper(table_name) = upper('POTENTIAL_RISK_REGISTERS');
               if c = 1 then
                  execute immediate 'drop table \"POTENTIAL_RISK_REGISTERS\"';
               end if;
            end;) at C:/xampp/htdocs/riskmanagementsystem/risk-management/vendor/laravel/framework/src/Illuminate/Database/Connection.php:825)
[stacktrace]
#0 C:/xampp/htdocs/riskmanagementsystem/risk-management/vendor/laravel/framework/src/Illuminate/Database/Connection.php(779): Illuminate/Database/Connection->runQueryCallback('declare c int;/n...', Array, Object(Closure))
#1 C:/xampp/htdocs/riskmanagementsystem/risk-management/vendor/laravel/framework/src/Illuminate/Database/Connection.php(560): Illuminate/Database/Connection->run('declare c int;/n...', Array, Object(Closure))
#2 C:/xampp/htdocs/riskmanagementsystem/risk-management/vendor/laravel/framework/src/Illuminate/Database/Schema/Blueprint.php(118): Illuminate/Database/Connection->statement('declare c int;/n...')
#3 C:/xampp/htdocs/riskmanagementsystem/risk-management/vendor/laravel/framework/src/Illuminate/Database/Schema/Builder.php(564): Illuminate/Database/Schema/Blueprint->build(Object(Yajra/Oci8/Oci8Connection), Object(Yajra/Oci8/Schema/Grammars/OracleGrammar))
#4 C:/xampp/htdocs/riskmanagementsystem/risk-management/vendor/laravel/framework/src/Illuminate/Database/Schema/Builder.php(446): Illuminate/Database/Schema/Builder->build(Object(Yajra/Oci8/Schema/OracleBlueprint))
#5 C:/xampp/htdocs/riskmanagementsystem/risk-management/vendor/yajra/laravel-oci8/src/Oci8/Schema/OracleBuilder.php(124): Illuminate/Database/Schema/Builder->dropIfExists('potential_risk_...')
#6 C:/xampp/htdocs/riskmanagementsystem/risk-management/vendor/laravel/framework/src/Illuminate/Support/Facades/Facade.php(361): Yajra/Oci8/Schema/OracleBuilder->dropIfExists('potential_risk_...')
#7 C:/xampp/htdocs/riskmanagementsystem/risk-management/database/migrations/2025_02_01_000017_create_potential_risk_registers_table.php(27): Illuminate/Support/Facades/Facade::__callStatic('dropIfExists', Array)
#8 C:/xampp/htdocs/riskmanagementsystem/risk-management/vendor/laravel/framework/src/Illuminate/Database/Migrations/Migrator.php(507): Illuminate/Database/Migrations/Migration@anonymous->down()
#9 C:/xampp/htdocs/riskmanagementsystem/risk-management/vendor/laravel/framework/src/Illuminate/Database/Migrations/Migrator.php(432): Illuminate/Database/Migrations/Migrator->runMethod(Object(Yajra/Oci8/Oci8Connection), Object(Illuminate/Database/Migrations/Migration@anonymous), 'down')
#10 C:/xampp/htdocs/riskmanagementsystem/risk-management/vendor/laravel/framework/src/Illuminate/Database/Concerns/ManagesTransactions.php(32): Illuminate/Database/Migrations/Migrator->Illuminate/Database/Migrations/{closure}(Object(Yajra/Oci8/Oci8Connection))
#11 C:/xampp/htdocs/riskmanagementsystem/risk-management/vendor/laravel/framework/src/Illuminate/Database/Migrations/Migrator.php(440): Illuminate/Database/Connection->transaction(Object(Closure))
#12 C:/xampp/htdocs/riskmanagementsystem/risk-management/vendor/laravel/framework/src/Illuminate/Database/Migrations/Migrator.php(407): Illuminate/Database/Migrations/Migrator->runMigration(Object(Illuminate/Database/Migrations/Migration@anonymous), 'down')
#13 C:/xampp/htdocs/riskmanagementsystem/risk-management/vendor/laravel/framework/src/Illuminate/Console/View/Components/Task.php(40): Illuminate/Database/Migrations/Migrator->Illuminate/Database/Migrations/{closure}()
#14 C:/xampp/htdocs/riskmanagementsystem/risk-management/vendor/laravel/framework/src/Illuminate/Database/Migrations/Migrator.php(798): Illuminate/Console/View/Components/Task->render('2025_02_01_0000...', Object(Closure))
#15 C:/xampp/htdocs/riskmanagementsystem/risk-management/vendor/laravel/framework/src/Illuminate/Database/Migrations/Migrator.php(407): Illuminate/Database/Migrations/Migrator->write('Illuminate//Cons...', '2025_02_01_0000...', Object(Closure))
#16 C:/xampp/htdocs/riskmanagementsystem/risk-management/vendor/laravel/framework/src/Illuminate/Database/Migrations/Migrator.php(330): Illuminate/Database/Migrations/Migrator->runDown('C://xampp//htdocs...', Object(stdClass), false)
#17 C:/xampp/htdocs/riskmanagementsystem/risk-management/vendor/laravel/framework/src/Illuminate/Database/Migrations/Migrator.php(381): Illuminate/Database/Migrations/Migrator->rollbackMigrations(Array, Array, Array)
#18 C:/xampp/htdocs/riskmanagementsystem/risk-management/vendor/laravel/framework/src/Illuminate/Database/Migrations/Migrator.php(361): Illuminate/Database/Migrations/Migrator->resetMigrations(Array, Array, false)
#19 C:/xampp/htdocs/riskmanagementsystem/risk-management/vendor/laravel/framework/src/Illuminate/Database/Console/Migrations/ResetCommand.php(71): Illuminate/Database/Migrations/Migrator->reset(Array, false)
#20 C:/xampp/htdocs/riskmanagementsystem/risk-management/vendor/laravel/framework/src/Illuminate/Database/Migrations/Migrator.php(658): Illuminate/Database/Console/Migrations/ResetCommand->Illuminate/Database/Console/Migrations/{closure}()
#21 C:/xampp/htdocs/riskmanagementsystem/risk-management/vendor/laravel/framework/src/Illuminate/Database/Console/Migrations/ResetCommand.php(63): Illuminate/Database/Migrations/Migrator->usingConnection(NULL, Object(Closure))
#22 C:/xampp/htdocs/riskmanagementsystem/risk-management/vendor/laravel/framework/src/Illuminate/Container/BoundMethod.php(36): Illuminate/Database/Console/Migrations/ResetCommand->handle()
#23 C:/xampp/htdocs/riskmanagementsystem/risk-management/vendor/laravel/framework/src/Illuminate/Container/Util.php(43): Illuminate/Container/BoundMethod::Illuminate/Container/{closure}()
#24 C:/xampp/htdocs/riskmanagementsystem/risk-management/vendor/laravel/framework/src/Illuminate/Container/BoundMethod.php(95): Illuminate/Container/Util::unwrapIfClosure(Object(Closure))
#25 C:/xampp/htdocs/riskmanagementsystem/risk-management/vendor/laravel/framework/src/Illuminate/Container/BoundMethod.php(35): Illuminate/Container/BoundMethod::callBoundMethod(Object(Illuminate/Foundation/Application), Array, Object(Closure))
#26 C:/xampp/htdocs/riskmanagementsystem/risk-management/vendor/laravel/framework/src/Illuminate/Container/Container.php(696): Illuminate/Container/BoundMethod::call(Object(Illuminate/Foundation/Application), Array, Array, NULL)
#27 C:/xampp/htdocs/riskmanagementsystem/risk-management/vendor/laravel/framework/src/Illuminate/Console/Command.php(213): Illuminate/Container/Container->call(Array)
#28 C:/xampp/htdocs/riskmanagementsystem/risk-management/vendor/symfony/console/Command/Command.php(341): Illuminate/Console/Command->execute(Object(Symfony/Component/Console/Input/ArrayInput), Object(Illuminate/Console/OutputStyle))
#29 C:/xampp/htdocs/riskmanagementsystem/risk-management/vendor/laravel/framework/src/Illuminate/Console/Command.php(182): Symfony/Component/Console/Command/Command->run(Object(Symfony/Component/Console/Input/ArrayInput), Object(Illuminate/Console/OutputStyle))
#30 C:/xampp/htdocs/riskmanagementsystem/risk-management/vendor/laravel/framework/src/Illuminate/Console/Concerns/CallsCommands.php(68): Illuminate/Console/Command->run(Object(Symfony/Component/Console/Input/ArrayInput), Object(Illuminate/Console/OutputStyle))
#31 C:/xampp/htdocs/riskmanagementsystem/risk-management/vendor/laravel/framework/src/Illuminate/Console/Concerns/CallsCommands.php(29): Illuminate/Console/Command->runCommand('migrate:reset', Array, Object(Illuminate/Console/OutputStyle))
#32 C:/xampp/htdocs/riskmanagementsystem/risk-management/vendor/laravel/framework/src/Illuminate/Database/Console/Migrations/RefreshCommand.php(113): Illuminate/Console/Command->call('migrate:reset', Array)
#33 C:/xampp/htdocs/riskmanagementsystem/risk-management/vendor/laravel/framework/src/Illuminate/Database/Console/Migrations/RefreshCommand.php(59): Illuminate/Database/Console/Migrations/RefreshCommand->runReset(NULL, Array)
#34 C:/xampp/htdocs/riskmanagementsystem/risk-management/vendor/laravel/framework/src/Illuminate/Container/BoundMethod.php(36): Illuminate/Database/Console/Migrations/RefreshCommand->handle()
#35 C:/xampp/htdocs/riskmanagementsystem/risk-management/vendor/laravel/framework/src/Illuminate/Container/Util.php(43): Illuminate/Container/BoundMethod::Illuminate/Container/{closure}()
#36 C:/xampp/htdocs/riskmanagementsystem/risk-management/vendor/laravel/framework/src/Illuminate/Container/BoundMethod.php(95): Illuminate/Container/Util::unwrapIfClosure(Object(Closure))
#37 C:/xampp/htdocs/riskmanagementsystem/risk-management/vendor/laravel/framework/src/Illuminate/Container/BoundMethod.php(35): Illuminate/Container/BoundMethod::callBoundMethod(Object(Illuminate/Foundation/Application), Array, Object(Closure))
#38 C:/xampp/htdocs/riskmanagementsystem/risk-management/vendor/laravel/framework/src/Illuminate/Container/Container.php(696): Illuminate/Container/BoundMethod::call(Object(Illuminate/Foundation/Application), Array, Array, NULL)
#39 C:/xampp/htdocs/riskmanagementsystem/risk-management/vendor/laravel/framework/src/Illuminate/Console/Command.php(213): Illuminate/Container/Container->call(Array)
#40 C:/xampp/htdocs/riskmanagementsystem/risk-management/vendor/symfony/console/Command/Command.php(341): Illuminate/Console/Command->execute(Object(Symfony/Component/Console/Input/ArgvInput), Object(Illuminate/Console/OutputStyle))
#41 C:/xampp/htdocs/riskmanagementsystem/risk-management/vendor/laravel/framework/src/Illuminate/Console/Command.php(182): Symfony/Component/Console/Command/Command->run(Object(Symfony/Component/Console/Input/ArgvInput), Object(Illuminate/Console/OutputStyle))
#42 C:/xampp/htdocs/riskmanagementsystem/risk-management/vendor/symfony/console/Application.php(1117): Illuminate/Console/Command->run(Object(Symfony/Component/Console/Input/ArgvInput), Object(Symfony/Component/Console/Output/ConsoleOutput))
#43 C:/xampp/htdocs/riskmanagementsystem/risk-management/vendor/symfony/console/Application.php(356): Symfony/Component/Console/Application->doRunCommand(Object(Illuminate/Database/Console/Migrations/RefreshCommand), Object(Symfony/Component/Console/Input/ArgvInput), Object(Symfony/Component/Console/Output/ConsoleOutput))
#44 C:/xampp/htdocs/riskmanagementsystem/risk-management/vendor/symfony/console/Application.php(195): Symfony/Component/Console/Application->doRun(Object(Symfony/Component/Console/Input/ArgvInput), Object(Symfony/Component/Console/Output/ConsoleOutput))
#45 C:/xampp/htdocs/riskmanagementsystem/risk-management/vendor/laravel/framework/src/Illuminate/Foundation/Console/Kernel.php(198): Symfony/Component/Console/Application->run(Object(Symfony/Component/Console/Input/ArgvInput), Object(Symfony/Component/Console/Output/ConsoleOutput))
#46 C:/xampp/htdocs/riskmanagementsystem/risk-management/vendor/laravel/framework/src/Illuminate/Foundation/Application.php(1235): Illuminate/Foundation/Console/Kernel->handle(Object(Symfony/Component/Console/Input/ArgvInput), Object(Symfony/Component/Console/Output/ConsoleOutput))
#47 C:/xampp/htdocs/riskmanagementsystem/risk-management/artisan(14): Illuminate/Foundation/Application->handleCommand(Object(Symfony/Component/Console/Input/ArgvInput))
#48 {main}

[previous exception] [object] (Yajra\\Pdo\\Oci8\\Exceptions\\Oci8Exception(code: 2449): Error Code    : 2449

Error Message : ORA-02449: unique/primary keys in table referenced by foreign keys
ORA-06512: at line 5
Help: https://docs.oracle.com/error-help/db/ora-02449/

Position      : 0

Statement     : declare c int;
            begin
               select count(*) into c from user_tables where upper(table_name) = upper('POTENTIAL_RISK_REGISTERS');
               if c = 1 then
                  execute immediate 'drop table \"POTENTIAL_RISK_REGISTERS\"';
               end if;
            end;

Bindings      : []

 at C:/xampp/htdocs/riskmanagementsystem/risk-management/vendor/yajra/laravel-pdo-via-oci8/src/Pdo/Oci8/Statement.php:798)
[stacktrace]
#0 C:/xampp/htdocs/riskmanagementsystem/risk-management/vendor/laravel/framework/src/Illuminate/Database/Connection.php(571): Yajra/Pdo/Oci8/Statement->execute()
#1 C:/xampp/htdocs/riskmanagementsystem/risk-management/vendor/laravel/framework/src/Illuminate/Database/Connection.php(812): Illuminate/Database/Connection->Illuminate/Database/{closure}('declare c int;/n...', Array)
#2 C:/xampp/htdocs/riskmanagementsystem/risk-management/vendor/laravel/framework/src/Illuminate/Database/Connection.php(779): Illuminate/Database/Connection->runQueryCallback('declare c int;/n...', Array, Object(Closure))
#3 C:/xampp/htdocs/riskmanagementsystem/risk-management/vendor/laravel/framework/src/Illuminate/Database/Connection.php(560): Illuminate/Database/Connection->run('declare c int;/n...', Array, Object(Closure))
#4 C:/xampp/htdocs/riskmanagementsystem/risk-management/vendor/laravel/framework/src/Illuminate/Database/Schema/Blueprint.php(118): Illuminate/Database/Connection->statement('declare c int;/n...')
#5 C:/xampp/htdocs/riskmanagementsystem/risk-management/vendor/laravel/framework/src/Illuminate/Database/Schema/Builder.php(564): Illuminate/Database/Schema/Blueprint->build(Object(Yajra/Oci8/Oci8Connection), Object(Yajra/Oci8/Schema/Grammars/OracleGrammar))
#6 C:/xampp/htdocs/riskmanagementsystem/risk-management/vendor/laravel/framework/src/Illuminate/Database/Schema/Builder.php(446): Illuminate/Database/Schema/Builder->build(Object(Yajra/Oci8/Schema/OracleBlueprint))
#7 C:/xampp/htdocs/riskmanagementsystem/risk-management/vendor/yajra/laravel-oci8/src/Oci8/Schema/OracleBuilder.php(124): Illuminate/Database/Schema/Builder->dropIfExists('potential_risk_...')
#8 C:/xampp/htdocs/riskmanagementsystem/risk-management/vendor/laravel/framework/src/Illuminate/Support/Facades/Facade.php(361): Yajra/Oci8/Schema/OracleBuilder->dropIfExists('potential_risk_...')
#9 C:/xampp/htdocs/riskmanagementsystem/risk-management/database/migrations/2025_02_01_000017_create_potential_risk_registers_table.php(27): Illuminate/Support/Facades/Facade::__callStatic('dropIfExists', Array)
#10 C:/xampp/htdocs/riskmanagementsystem/risk-management/vendor/laravel/framework/src/Illuminate/Database/Migrations/Migrator.php(507): Illuminate/Database/Migrations/Migration@anonymous->down()
#11 C:/xampp/htdocs/riskmanagementsystem/risk-management/vendor/laravel/framework/src/Illuminate/Database/Migrations/Migrator.php(432): Illuminate/Database/Migrations/Migrator->runMethod(Object(Yajra/Oci8/Oci8Connection), Object(Illuminate/Database/Migrations/Migration@anonymous), 'down')
#12 C:/xampp/htdocs/riskmanagementsystem/risk-management/vendor/laravel/framework/src/Illuminate/Database/Concerns/ManagesTransactions.php(32): Illuminate/Database/Migrations/Migrator->Illuminate/Database/Migrations/{closure}(Object(Yajra/Oci8/Oci8Connection))
#13 C:/xampp/htdocs/riskmanagementsystem/risk-management/vendor/laravel/framework/src/Illuminate/Database/Migrations/Migrator.php(440): Illuminate/Database/Connection->transaction(Object(Closure))
#14 C:/xampp/htdocs/riskmanagementsystem/risk-management/vendor/laravel/framework/src/Illuminate/Database/Migrations/Migrator.php(407): Illuminate/Database/Migrations/Migrator->runMigration(Object(Illuminate/Database/Migrations/Migration@anonymous), 'down')
#15 C:/xampp/htdocs/riskmanagementsystem/risk-management/vendor/laravel/framework/src/Illuminate/Console/View/Components/Task.php(40): Illuminate/Database/Migrations/Migrator->Illuminate/Database/Migrations/{closure}()
#16 C:/xampp/htdocs/riskmanagementsystem/risk-management/vendor/laravel/framework/src/Illuminate/Database/Migrations/Migrator.php(798): Illuminate/Console/View/Components/Task->render('2025_02_01_0000...', Object(Closure))
#17 C:/xampp/htdocs/riskmanagementsystem/risk-management/vendor/laravel/framework/src/Illuminate/Database/Migrations/Migrator.php(407): Illuminate/Database/Migrations/Migrator->write('Illuminate//Cons...', '2025_02_01_0000...', Object(Closure))
#18 C:/xampp/htdocs/riskmanagementsystem/risk-management/vendor/laravel/framework/src/Illuminate/Database/Migrations/Migrator.php(330): Illuminate/Database/Migrations/Migrator->runDown('C://xampp//htdocs...', Object(stdClass), false)
#19 C:/xampp/htdocs/riskmanagementsystem/risk-management/vendor/laravel/framework/src/Illuminate/Database/Migrations/Migrator.php(381): Illuminate/Database/Migrations/Migrator->rollbackMigrations(Array, Array, Array)
#20 C:/xampp/htdocs/riskmanagementsystem/risk-management/vendor/laravel/framework/src/Illuminate/Database/Migrations/Migrator.php(361): Illuminate/Database/Migrations/Migrator->resetMigrations(Array, Array, false)
#21 C:/xampp/htdocs/riskmanagementsystem/risk-management/vendor/laravel/framework/src/Illuminate/Database/Console/Migrations/ResetCommand.php(71): Illuminate/Database/Migrations/Migrator->reset(Array, false)
#22 C:/xampp/htdocs/riskmanagementsystem/risk-management/vendor/laravel/framework/src/Illuminate/Database/Migrations/Migrator.php(658): Illuminate/Database/Console/Migrations/ResetCommand->Illuminate/Database/Console/Migrations/{closure}()
#23 C:/xampp/htdocs/riskmanagementsystem/risk-management/vendor/laravel/framework/src/Illuminate/Database/Console/Migrations/ResetCommand.php(63): Illuminate/Database/Migrations/Migrator->usingConnection(NULL, Object(Closure))
#24 C:/xampp/htdocs/riskmanagementsystem/risk-management/vendor/laravel/framework/src/Illuminate/Container/BoundMethod.php(36): Illuminate/Database/Console/Migrations/ResetCommand->handle()
#25 C:/xampp/htdocs/riskmanagementsystem/risk-management/vendor/laravel/framework/src/Illuminate/Container/Util.php(43): Illuminate/Container/BoundMethod::Illuminate/Container/{closure}()
#26 C:/xampp/htdocs/riskmanagementsystem/risk-management/vendor/laravel/framework/src/Illuminate/Container/BoundMethod.php(95): Illuminate/Container/Util::unwrapIfClosure(Object(Closure))
#27 C:/xampp/htdocs/riskmanagementsystem/risk-management/vendor/laravel/framework/src/Illuminate/Container/BoundMethod.php(35): Illuminate/Container/BoundMethod::callBoundMethod(Object(Illuminate/Foundation/Application), Array, Object(Closure))
#28 C:/xampp/htdocs/riskmanagementsystem/risk-management/vendor/laravel/framework/src/Illuminate/Container/Container.php(696): Illuminate/Container/BoundMethod::call(Object(Illuminate/Foundation/Application), Array, Array, NULL)
#29 C:/xampp/htdocs/riskmanagementsystem/risk-management/vendor/laravel/framework/src/Illuminate/Console/Command.php(213): Illuminate/Container/Container->call(Array)
#30 C:/xampp/htdocs/riskmanagementsystem/risk-management/vendor/symfony/console/Command/Command.php(341): Illuminate/Console/Command->execute(Object(Symfony/Component/Console/Input/ArrayInput), Object(Illuminate/Console/OutputStyle))
#31 C:/xampp/htdocs/riskmanagementsystem/risk-management/vendor/laravel/framework/src/Illuminate/Console/Command.php(182): Symfony/Component/Console/Command/Command->run(Object(Symfony/Component/Console/Input/ArrayInput), Object(Illuminate/Console/OutputStyle))
#32 C:/xampp/htdocs/riskmanagementsystem/risk-management/vendor/laravel/framework/src/Illuminate/Console/Concerns/CallsCommands.php(68): Illuminate/Console/Command->run(Object(Symfony/Component/Console/Input/ArrayInput), Object(Illuminate/Console/OutputStyle))
#33 C:/xampp/htdocs/riskmanagementsystem/risk-management/vendor/laravel/framework/src/Illuminate/Console/Concerns/CallsCommands.php(29): Illuminate/Console/Command->runCommand('migrate:reset', Array, Object(Illuminate/Console/OutputStyle))
#34 C:/xampp/htdocs/riskmanagementsystem/risk-management/vendor/laravel/framework/src/Illuminate/Database/Console/Migrations/RefreshCommand.php(113): Illuminate/Console/Command->call('migrate:reset', Array)
#35 C:/xampp/htdocs/riskmanagementsystem/risk-management/vendor/laravel/framework/src/Illuminate/Database/Console/Migrations/RefreshCommand.php(59): Illuminate/Database/Console/Migrations/RefreshCommand->runReset(NULL, Array)
#36 C:/xampp/htdocs/riskmanagementsystem/risk-management/vendor/laravel/framework/src/Illuminate/Container/BoundMethod.php(36): Illuminate/Database/Console/Migrations/RefreshCommand->handle()
#37 C:/xampp/htdocs/riskmanagementsystem/risk-management/vendor/laravel/framework/src/Illuminate/Container/Util.php(43): Illuminate/Container/BoundMethod::Illuminate/Container/{closure}()
#38 C:/xampp/htdocs/riskmanagementsystem/risk-management/vendor/laravel/framework/src/Illuminate/Container/BoundMethod.php(95): Illuminate/Container/Util::unwrapIfClosure(Object(Closure))
#39 C:/xampp/htdocs/riskmanagementsystem/risk-management/vendor/laravel/framework/src/Illuminate/Container/BoundMethod.php(35): Illuminate/Container/BoundMethod::callBoundMethod(Object(Illuminate/Foundation/Application), Array, Object(Closure))
#40 C:/xampp/htdocs/riskmanagementsystem/risk-management/vendor/laravel/framework/src/Illuminate/Container/Container.php(696): Illuminate/Container/BoundMethod::call(Object(Illuminate/Foundation/Application), Array, Array, NULL)
#41 C:/xampp/htdocs/riskmanagementsystem/risk-management/vendor/laravel/framework/src/Illuminate/Console/Command.php(213): Illuminate/Container/Container->call(Array)
#42 C:/xampp/htdocs/riskmanagementsystem/risk-management/vendor/symfony/console/Command/Command.php(341): Illuminate/Console/Command->execute(Object(Symfony/Component/Console/Input/ArgvInput), Object(Illuminate/Console/OutputStyle))
#43 C:/xampp/htdocs/riskmanagementsystem/risk-management/vendor/laravel/framework/src/Illuminate/Console/Command.php(182): Symfony/Component/Console/Command/Command->run(Object(Symfony/Component/Console/Input/ArgvInput), Object(Illuminate/Console/OutputStyle))
#44 C:/xampp/htdocs/riskmanagementsystem/risk-management/vendor/symfony/console/Application.php(1117): Illuminate/Console/Command->run(Object(Symfony/Component/Console/Input/ArgvInput), Object(Symfony/Component/Console/Output/ConsoleOutput))
#45 C:/xampp/htdocs/riskmanagementsystem/risk-management/vendor/symfony/console/Application.php(356): Symfony/Component/Console/Application->doRunCommand(Object(Illuminate/Database/Console/Migrations/RefreshCommand), Object(Symfony/Component/Console/Input/ArgvInput), Object(Symfony/Component/Console/Output/ConsoleOutput))
#46 C:/xampp/htdocs/riskmanagementsystem/risk-management/vendor/symfony/console/Application.php(195): Symfony/Component/Console/Application->doRun(Object(Symfony/Component/Console/Input/ArgvInput), Object(Symfony/Component/Console/Output/ConsoleOutput))
#47 C:/xampp/htdocs/riskmanagementsystem/risk-management/vendor/laravel/framework/src/Illuminate/Foundation/Console/Kernel.php(198): Symfony/Component/Console/Application->run(Object(Symfony/Component/Console/Input/ArgvInput), Object(Symfony/Component/Console/Output/ConsoleOutput))
#48 C:/xampp/htdocs/riskmanagementsystem/risk-management/vendor/laravel/framework/src/Illuminate/Foundation/Application.php(1235): Illuminate/Foundation/Console/Kernel->handle(Object(Symfony/Component/Console/Input/ArgvInput), Object(Symfony/Component/Console/Output/ConsoleOutput))
#49 C:/xampp/htdocs/riskmanagementsystem/risk-management/artisan(14): Illuminate/Foundation/Application->handleCommand(Object(Symfony/Component/Console/Input/ArgvInput))
#50 {main}
"} 
[2026-09-10 15:57:06] local.ERROR: Error Code    : 918
Error Message : ORA-00918: column ambiguously defined
Help: https://docs.oracle.com/error-help/db/ora-00918/
Position      : 196
Statement     : select resolution_statuses.status_name as status_name, count(*) as total from "INCIDENTS" inner join "RESOLUTION_STATUSES" on "INCIDENTS"."RESOLUTION_STATUS_ID" = "RESOLUTION_STATUSES"."ID" where "VALIDITY" = :p0 group by "RESOLUTION_STATUSES"."STATUS_NAME"
Bindings      : [1]
 (Connection: oracle, SQL: select resolution_statuses.status_name as status_name, count(*) as total from "INCIDENTS" inner join "RESOLUTION_STATUSES" on "INCIDENTS"."RESOLUTION_STATUS_ID" = "RESOLUTION_STATUSES"."ID" where "VALIDITY" = 1 group by "RESOLUTION_STATUSES"."STATUS_NAME") {"userId":8,"exception":"[object] (Illuminate\\Database\\QueryException(code: 918): Error Code    : 918

Error Message : ORA-00918: column ambiguously defined
Help: https://docs.oracle.com/error-help/db/ora-00918/

Position      : 196

Statement     : select resolution_statuses.status_name as status_name, count(*) as total from \"INCIDENTS\" inner join \"RESOLUTION_STATUSES\" on \"INCIDENTS\".\"RESOLUTION_STATUS_ID\" = \"RESOLUTION_STATUSES\".\"ID\" where \"VALIDITY\" = :p0 group by \"RESOLUTION_STATUSES\".\"STATUS_NAME\"

Bindings      : [1]

 (Connection: oracle, SQL: select resolution_statuses.status_name as status_name, count(*) as total from \"INCIDENTS\" inner join \"RESOLUTION_STATUSES\" on \"INCIDENTS\".\"RESOLUTION_STATUS_ID\" = \"RESOLUTION_STATUSES\".\"ID\" where \"VALIDITY\" = 1 group by \"RESOLUTION_STATUSES\".\"STATUS_NAME\") at C:/xampp/htdocs/riskmanagementsystem/risk-management/vendor/laravel/framework/src/Illuminate/Database/Connection.php:825)
[stacktrace]
#0 C:/xampp/htdocs/riskmanagementsystem/risk-management/vendor/laravel/framework/src/Illuminate/Database/Connection.php(779): Illuminate/Database/Connection->runQueryCallback('select resoluti...', Array, Object(Closure))
#1 C:/xampp/htdocs/riskmanagementsystem/risk-management/vendor/laravel/framework/src/Illuminate/Database/Connection.php(398): Illuminate/Database/Connection->run('select resoluti...', Array, Object(Closure))
#2 C:/xampp/htdocs/riskmanagementsystem/risk-management/vendor/yajra/laravel-oci8/src/Oci8/Query/OracleBuilder.php(159): Illuminate/Database/Connection->select('select resoluti...', Array, true)
#3 C:/xampp/htdocs/riskmanagementsystem/risk-management/vendor/laravel/framework/src/Illuminate/Database/Query/Builder.php(3362): Yajra/Oci8/Query/OracleBuilder->runSelect()
#4 C:/xampp/htdocs/riskmanagementsystem/risk-management/vendor/laravel/framework/src/Illuminate/Database/Query/Builder.php(3676): Illuminate/Database/Query/Builder->Illuminate/Database/Query/{closure}()
#5 C:/xampp/htdocs/riskmanagementsystem/risk-management/vendor/laravel/framework/src/Illuminate/Database/Query/Builder.php(3358): Illuminate/Database/Query/Builder->onceWithColumns(Array, Object(Closure))
#6 C:/xampp/htdocs/riskmanagementsystem/risk-management/vendor/laravel/framework/src/Illuminate/Database/Eloquent/Builder.php(991): Illuminate/Database/Query/Builder->pluck('total', 'status_name')
#7 C:/xampp/htdocs/riskmanagementsystem/risk-management/app/Http/Controllers/ReportController.php(27): Illuminate/Database/Eloquent/Builder->pluck('total', 'status_name')
#8 C:/xampp/htdocs/riskmanagementsystem/risk-management/vendor/laravel/framework/src/Illuminate/Routing/ControllerDispatcher.php(47): App/Http/Controllers/ReportController->index()
#9 C:/xampp/htdocs/riskmanagementsystem/risk-management/vendor/laravel/framework/src/Illuminate/Routing/Route.php(266): Illuminate/Routing/ControllerDispatcher->dispatch(Object(Illuminate/Routing/Route), Object(App/Http/Controllers/ReportController), 'index')
#10 C:/xampp/htdocs/riskmanagementsystem/risk-management/vendor/laravel/framework/src/Illuminate/Routing/Route.php(212): Illuminate/Routing/Route->runController()
#11 C:/xampp/htdocs/riskmanagementsystem/risk-management/vendor/laravel/framework/src/Illuminate/Routing/Router.php(808): Illuminate/Routing/Route->run()
#12 C:/xampp/htdocs/riskmanagementsystem/risk-management/vendor/laravel/framework/src/Illuminate/Pipeline/Pipeline.php(170): Illuminate/Routing/Router->Illuminate/Routing/{closure}(Object(Illuminate/Http/Request))
#13 C:/xampp/htdocs/riskmanagementsystem/risk-management/vendor/spatie/laravel-permission/src/Middleware/PermissionMiddleware.php(37): Illuminate/Pipeline/Pipeline->Illuminate/Pipeline/{closure}(Object(Illuminate/Http/Request))
#14 C:/xampp/htdocs/riskmanagementsystem/risk-management/vendor/laravel/framework/src/Illuminate/Pipeline/Pipeline.php(209): Spatie/Permission/Middleware/PermissionMiddleware->handle(Object(Illuminate/Http/Request), Object(Closure), 'view-reports')
#15 C:/xampp/htdocs/riskmanagementsystem/risk-management/app/Http/Middleware/SetArabicLocale.php(20): Illuminate/Pipeline/Pipeline->Illuminate/Pipeline/{closure}(Object(Illuminate/Http/Request))
#16 C:/xampp/htdocs/riskmanagementsystem/risk-management/vendor/laravel/framework/src/Illuminate/Pipeline/Pipeline.php(209): App/Http/Middleware/SetArabicLocale->handle(Object(Illuminate/Http/Request), Object(Closure))
#17 C:/xampp/htdocs/riskmanagementsystem/risk-management/vendor/laravel/framework/src/Illuminate/Routing/Middleware/SubstituteBindings.php(51): Illuminate/Pipeline/Pipeline->Illuminate/Pipeline/{closure}(Object(Illuminate/Http/Request))
#18 C:/xampp/htdocs/riskmanagementsystem/risk-management/vendor/laravel/framework/src/Illuminate/Pipeline/Pipeline.php(209): Illuminate/Routing/Middleware/SubstituteBindings->handle(Object(Illuminate/Http/Request), Object(Closure))
#19 C:/xampp/htdocs/riskmanagementsystem/risk-management/vendor/laravel/framework/src/Illuminate/Auth/Middleware/Authenticate.php(64): Illuminate/Pipeline/Pipeline->Illuminate/Pipeline/{closure}(Object(Illuminate/Http/Request))
#20 C:/xampp/htdocs/riskmanagementsystem/risk-management/vendor/laravel/framework/src/Illuminate/Pipeline/Pipeline.php(209): Illuminate/Auth/Middleware/Authenticate->handle(Object(Illuminate/Http/Request), Object(Closure))
#21 C:/xampp/htdocs/riskmanagementsystem/risk-management/vendor/laravel/framework/src/Illuminate/Foundation/Http/Middleware/VerifyCsrfToken.php(88): Illuminate/Pipeline/Pipeline->Illuminate/Pipeline/{closure}(Object(Illuminate/Http/Request))
#22 C:/xampp/htdocs/riskmanagementsystem/risk-management/vendor/laravel/framework/src/Illuminate/Pipeline/Pipeline.php(209): Illuminate/Foundation/Http/Middleware/VerifyCsrfToken->handle(Object(Illuminate/Http/Request), Object(Closure))
#23 C:/xampp/htdocs/riskmanagementsystem/risk-management/vendor/laravel/framework/src/Illuminate/View/Middleware/ShareErrorsFromSession.php(49): Illuminate/Pipeline/Pipeline->Illuminate/Pipeline/{closure}(Object(Illuminate/Http/Request))
#24 C:/xampp/htdocs/riskmanagementsystem/risk-management/vendor/laravel/framework/src/Illuminate/Pipeline/Pipeline.php(209): Illuminate/View/Middleware/ShareErrorsFromSession->handle(Object(Illuminate/Http/Request), Object(Closure))
#25 C:/xampp/htdocs/riskmanagementsystem/risk-management/vendor/laravel/framework/src/Illuminate/Session/Middleware/StartSession.php(121): Illuminate/Pipeline/Pipeline->Illuminate/Pipeline/{closure}(Object(Illuminate/Http/Request))
#26 C:/xampp/htdocs/riskmanagementsystem/risk-management/vendor/laravel/framework/src/Illuminate/Session/Middleware/StartSession.php(64): Illuminate/Session/Middleware/StartSession->handleStatefulRequest(Object(Illuminate/Http/Request), Object(Illuminate/Session/Store), Object(Closure))
#27 C:/xampp/htdocs/riskmanagementsystem/risk-management/vendor/laravel/framework/src/Illuminate/Pipeline/Pipeline.php(209): Illuminate/Session/Middleware/StartSession->handle(Object(Illuminate/Http/Request), Object(Closure))
#28 C:/xampp/htdocs/riskmanagementsystem/risk-management/vendor/laravel/framework/src/Illuminate/Cookie/Middleware/AddQueuedCookiesToResponse.php(37): Illuminate/Pipeline/Pipeline->Illuminate/Pipeline/{closure}(Object(Illuminate/Http/Request))
#29 C:/xampp/htdocs/riskmanagementsystem/risk-management/vendor/laravel/framework/src/Illuminate/Pipeline/Pipeline.php(209): Illuminate/Cookie/Middleware/AddQueuedCookiesToResponse->handle(Object(Illuminate/Http/Request), Object(Closure))
#30 C:/xampp/htdocs/riskmanagementsystem/risk-management/vendor/laravel/framework/src/Illuminate/Cookie/Middleware/EncryptCookies.php(75): Illuminate/Pipeline/Pipeline->Illuminate/Pipeline/{closure}(Object(Illuminate/Http/Request))
#31 C:/xampp/htdocs/riskmanagementsystem/risk-management/vendor/laravel/framework/src/Illuminate/Pipeline/Pipeline.php(209): Illuminate/Cookie/Middleware/EncryptCookies->handle(Object(Illuminate/Http/Request), Object(Closure))
#32 C:/xampp/htdocs/riskmanagementsystem/risk-management/vendor/laravel/framework/src/Illuminate/Pipeline/Pipeline.php(127): Illuminate/Pipeline/Pipeline->Illuminate/Pipeline/{closure}(Object(Illuminate/Http/Request))
#33 C:/xampp/htdocs/riskmanagementsystem/risk-management/vendor/laravel/framework/src/Illuminate/Routing/Router.php(807): Illuminate/Pipeline/Pipeline->then(Object(Closure))
#34 C:/xampp/htdocs/riskmanagementsystem/risk-management/vendor/laravel/framework/src/Illuminate/Routing/Router.php(786): Illuminate/Routing/Router->runRouteWithinStack(Object(Illuminate/Routing/Route), Object(Illuminate/Http/Request))
#35 C:/xampp/htdocs/riskmanagementsystem/risk-management/vendor/laravel/framework/src/Illuminate/Routing/Router.php(750): Illuminate/Routing/Router->runRoute(Object(Illuminate/Http/Request), Object(Illuminate/Routing/Route))
#36 C:/xampp/htdocs/riskmanagementsystem/risk-management/vendor/laravel/framework/src/Illuminate/Routing/Router.php(739): Illuminate/Routing/Router->dispatchToRoute(Object(Illuminate/Http/Request))
#37 C:/xampp/htdocs/riskmanagementsystem/risk-management/vendor/laravel/framework/src/Illuminate/Foundation/Http/Kernel.php(201): Illuminate/Routing/Router->dispatch(Object(Illuminate/Http/Request))
#38 C:/xampp/htdocs/riskmanagementsystem/risk-management/vendor/laravel/framework/src/Illuminate/Pipeline/Pipeline.php(170): Illuminate/Foundation/Http/Kernel->Illuminate/Foundation/Http/{closure}(Object(Illuminate/Http/Request))
#39 C:/xampp/htdocs/riskmanagementsystem/risk-management/vendor/laravel/framework/src/Illuminate/Foundation/Http/Middleware/TransformsRequest.php(21): Illuminate/Pipeline/Pipeline->Illuminate/Pipeline/{closure}(Object(Illuminate/Http/Request))
#40 C:/xampp/htdocs/riskmanagementsystem/risk-management/vendor/laravel/framework/src/Illuminate/Foundation/Http/Middleware/ConvertEmptyStringsToNull.php(31): Illuminate/Foundation/Http/Middleware/TransformsRequest->handle(Object(Illuminate/Http/Request), Object(Closure))
#41 C:/xampp/htdocs/riskmanagementsystem/risk-management/vendor/laravel/framework/src/Illuminate/Pipeline/Pipeline.php(209): Illuminate/Foundation/Http/Middleware/ConvertEmptyStringsToNull->handle(Object(Illuminate/Http/Request), Object(Closure))
#42 C:/xampp/htdocs/riskmanagementsystem/risk-management/vendor/laravel/framework/src/Illuminate/Foundation/Http/Middleware/TransformsRequest.php(21): Illuminate/Pipeline/Pipeline->Illuminate/Pipeline/{closure}(Object(Illuminate/Http/Request))
#43 C:/xampp/htdocs/riskmanagementsystem/risk-management/vendor/laravel/framework/src/Illuminate/Foundation/Http/Middleware/TrimStrings.php(51): Illuminate/Foundation/Http/Middleware/TransformsRequest->handle(Object(Illuminate/Http/Request), Object(Closure))
#44 C:/xampp/htdocs/riskmanagementsystem/risk-management/vendor/laravel/framework/src/Illuminate/Pipeline/Pipeline.php(209): Illuminate/Foundation/Http/Middleware/TrimStrings->handle(Object(Illuminate/Http/Request), Object(Closure))
#45 C:/xampp/htdocs/riskmanagementsystem/risk-management/vendor/laravel/framework/src/Illuminate/Http/Middleware/ValidatePostSize.php(27): Illuminate/Pipeline/Pipeline->Illuminate/Pipeline/{closure}(Object(Illuminate/Http/Request))
#46 C:/xampp/htdocs/riskmanagementsystem/risk-management/vendor/laravel/framework/src/Illuminate/Pipeline/Pipeline.php(209): Illuminate/Http/Middleware/ValidatePostSize->handle(Object(Illuminate/Http/Request), Object(Closure))
#47 C:/xampp/htdocs/riskmanagementsystem/risk-management/vendor/laravel/framework/src/Illuminate/Foundation/Http/Middleware/PreventRequestsDuringMaintenance.php(110): Illuminate/Pipeline/Pipeline->Illuminate/Pipeline/{closure}(Object(Illuminate/Http/Request))
#48 C:/xampp/htdocs/riskmanagementsystem/risk-management/vendor/laravel/framework/src/Illuminate/Pipeline/Pipeline.php(209): Illuminate/Foundation/Http/Middleware/PreventRequestsDuringMaintenance->handle(Object(Illuminate/Http/Request), Object(Closure))
#49 C:/xampp/htdocs/riskmanagementsystem/risk-management/vendor/laravel/framework/src/Illuminate/Http/Middleware/HandleCors.php(49): Illuminate/Pipeline/Pipeline->Illuminate/Pipeline/{closure}(Object(Illuminate/Http/Request))
#50 C:/xampp/htdocs/riskmanagementsystem/risk-management/vendor/laravel/framework/src/Illuminate/Pipeline/Pipeline.php(209): Illuminate/Http/Middleware/HandleCors->handle(Object(Illuminate/Http/Request), Object(Closure))
#51 C:/xampp/htdocs/riskmanagementsystem/risk-management/vendor/laravel/framework/src/Illuminate/Http/Middleware/TrustProxies.php(58): Illuminate/Pipeline/Pipeline->Illuminate/Pipeline/{closure}(Object(Illuminate/Http/Request))
#52 C:/xampp/htdocs/riskmanagementsystem/risk-management/vendor/laravel/framework/src/Illuminate/Pipeline/Pipeline.php(209): Illuminate/Http/Middleware/TrustProxies->handle(Object(Illuminate/Http/Request), Object(Closure))
#53 C:/xampp/htdocs/riskmanagementsystem/risk-management/vendor/laravel/framework/src/Illuminate/Foundation/Http/Middleware/InvokeDeferredCallbacks.php(22): Illuminate/Pipeline/Pipeline->Illuminate/Pipeline/{closure}(Object(Illuminate/Http/Request))
#54 C:/xampp/htdocs/riskmanagementsystem/risk-management/vendor/laravel/framework/src/Illuminate/Pipeline/Pipeline.php(209): Illuminate/Foundation/Http/Middleware/InvokeDeferredCallbacks->handle(Object(Illuminate/Http/Request), Object(Closure))
#55 C:/xampp/htdocs/riskmanagementsystem/risk-management/vendor/laravel/framework/src/Illuminate/Pipeline/Pipeline.php(127): Illuminate/Pipeline/Pipeline->Illuminate/Pipeline/{closure}(Object(Illuminate/Http/Request))
#56 C:/xampp/htdocs/riskmanagementsystem/risk-management/vendor/laravel/framework/src/Illuminate/Foundation/Http/Kernel.php(176): Illuminate/Pipeline/Pipeline->then(Object(Closure))
#57 C:/xampp/htdocs/riskmanagementsystem/risk-management/vendor/laravel/framework/src/Illuminate/Foundation/Http/Kernel.php(145): Illuminate/Foundation/Http/Kernel->sendRequestThroughRouter(Object(Illuminate/Http/Request))
#58 C:/xampp/htdocs/riskmanagementsystem/risk-management/vendor/laravel/framework/src/Illuminate/Foundation/Application.php(1220): Illuminate/Foundation/Http/Kernel->handle(Object(Illuminate/Http/Request))
#59 C:/xampp/htdocs/riskmanagementsystem/risk-management/public/index.php(20): Illuminate/Foundation/Application->handleRequest(Object(Illuminate/Http/Request))
#60 C:/xampp/htdocs/riskmanagementsystem/risk-management/vendor/laravel/framework/src/Illuminate/Foundation/resources/server.php(23): require_once('C://xampp//htdocs...')
#61 {main}

[previous exception] [object] (Yajra\\Pdo\\Oci8\\Exceptions\\Oci8Exception(code: 918): Error Code    : 918

Error Message : ORA-00918: column ambiguously defined
Help: https://docs.oracle.com/error-help/db/ora-00918/

Position      : 196

Statement     : select resolution_statuses.status_name as status_name, count(*) as total from \"INCIDENTS\" inner join \"RESOLUTION_STATUSES\" on \"INCIDENTS\".\"RESOLUTION_STATUS_ID\" = \"RESOLUTION_STATUSES\".\"ID\" where \"VALIDITY\" = :p0 group by \"RESOLUTION_STATUSES\".\"STATUS_NAME\"

Bindings      : [1]

 at C:/xampp/htdocs/riskmanagementsystem/risk-management/vendor/yajra/laravel-pdo-via-oci8/src/Pdo/Oci8/Statement.php:798)
[stacktrace]
#0 C:/xampp/htdocs/riskmanagementsystem/risk-management/vendor/laravel/framework/src/Illuminate/Database/Connection.php(412): Yajra/Pdo/Oci8/Statement->execute()
#1 C:/xampp/htdocs/riskmanagementsystem/risk-management/vendor/laravel/framework/src/Illuminate/Database/Connection.php(812): Illuminate/Database/Connection->Illuminate/Database/{closure}('select resoluti...', Array)
#2 C:/xampp/htdocs/riskmanagementsystem/risk-management/vendor/laravel/framework/src/Illuminate/Database/Connection.php(779): Illuminate/Database/Connection->runQueryCallback('select resoluti...', Array, Object(Closure))
#3 C:/xampp/htdocs/riskmanagementsystem/risk-management/vendor/laravel/framework/src/Illuminate/Database/Connection.php(398): Illuminate/Database/Connection->run('select resoluti...', Array, Object(Closure))
#4 C:/xampp/htdocs/riskmanagementsystem/risk-management/vendor/yajra/laravel-oci8/src/Oci8/Query/OracleBuilder.php(159): Illuminate/Database/Connection->select('select resoluti...', Array, true)
#5 C:/xampp/htdocs/riskmanagementsystem/risk-management/vendor/laravel/framework/src/Illuminate/Database/Query/Builder.php(3362): Yajra/Oci8/Query/OracleBuilder->runSelect()
#6 C:/xampp/htdocs/riskmanagementsystem/risk-management/vendor/laravel/framework/src/Illuminate/Database/Query/Builder.php(3676): Illuminate/Database/Query/Builder->Illuminate/Database/Query/{closure}()
#7 C:/xampp/htdocs/riskmanagementsystem/risk-management/vendor/laravel/framework/src/Illuminate/Database/Query/Builder.php(3358): Illuminate/Database/Query/Builder->onceWithColumns(Array, Object(Closure))
#8 C:/xampp/htdocs/riskmanagementsystem/risk-management/vendor/laravel/framework/src/Illuminate/Database/Eloquent/Builder.php(991): Illuminate/Database/Query/Builder->pluck('total', 'status_name')
#9 C:/xampp/htdocs/riskmanagementsystem/risk-management/app/Http/Controllers/ReportController.php(27): Illuminate/Database/Eloquent/Builder->pluck('total', 'status_name')
#10 C:/xampp/htdocs/riskmanagementsystem/risk-management/vendor/laravel/framework/src/Illuminate/Routing/ControllerDispatcher.php(47): App/Http/Controllers/ReportController->index()
#11 C:/xampp/htdocs/riskmanagementsystem/risk-management/vendor/laravel/framework/src/Illuminate/Routing/Route.php(266): Illuminate/Routing/ControllerDispatcher->dispatch(Object(Illuminate/Routing/Route), Object(App/Http/Controllers/ReportController), 'index')
#12 C:/xampp/htdocs/riskmanagementsystem/risk-management/vendor/laravel/framework/src/Illuminate/Routing/Route.php(212): Illuminate/Routing/Route->runController()
#13 C:/xampp/htdocs/riskmanagementsystem/risk-management/vendor/laravel/framework/src/Illuminate/Routing/Router.php(808): Illuminate/Routing/Route->run()
#14 C:/xampp/htdocs/riskmanagementsystem/risk-management/vendor/laravel/framework/src/Illuminate/Pipeline/Pipeline.php(170): Illuminate/Routing/Router->Illuminate/Routing/{closure}(Object(Illuminate/Http/Request))
#15 C:/xampp/htdocs/riskmanagementsystem/risk-management/vendor/spatie/laravel-permission/src/Middleware/PermissionMiddleware.php(37): Illuminate/Pipeline/Pipeline->Illuminate/Pipeline/{closure}(Object(Illuminate/Http/Request))
#16 C:/xampp/htdocs/riskmanagementsystem/risk-management/vendor/laravel/framework/src/Illuminate/Pipeline/Pipeline.php(209): Spatie/Permission/Middleware/PermissionMiddleware->handle(Object(Illuminate/Http/Request), Object(Closure), 'view-reports')
#17 C:/xampp/htdocs/riskmanagementsystem/risk-management/app/Http/Middleware/SetArabicLocale.php(20): Illuminate/Pipeline/Pipeline->Illuminate/Pipeline/{closure}(Object(Illuminate/Http/Request))
#18 C:/xampp/htdocs/riskmanagementsystem/risk-management/vendor/laravel/framework/src/Illuminate/Pipeline/Pipeline.php(209): App/Http/Middleware/SetArabicLocale->handle(Object(Illuminate/Http/Request), Object(Closure))
#19 C:/xampp/htdocs/riskmanagementsystem/risk-management/vendor/laravel/framework/src/Illuminate/Routing/Middleware/SubstituteBindings.php(51): Illuminate/Pipeline/Pipeline->Illuminate/Pipeline/{closure}(Object(Illuminate/Http/Request))
#20 C:/xampp/htdocs/riskmanagementsystem/risk-management/vendor/laravel/framework/src/Illuminate/Pipeline/Pipeline.php(209): Illuminate/Routing/Middleware/SubstituteBindings->handle(Object(Illuminate/Http/Request), Object(Closure))
#21 C:/xampp/htdocs/riskmanagementsystem/risk-management/vendor/laravel/framework/src/Illuminate/Auth/Middleware/Authenticate.php(64): Illuminate/Pipeline/Pipeline->Illuminate/Pipeline/{closure}(Object(Illuminate/Http/Request))
#22 C:/xampp/htdocs/riskmanagementsystem/risk-management/vendor/laravel/framework/src/Illuminate/Pipeline/Pipeline.php(209): Illuminate/Auth/Middleware/Authenticate->handle(Object(Illuminate/Http/Request), Object(Closure))
#23 C:/xampp/htdocs/riskmanagementsystem/risk-management/vendor/laravel/framework/src/Illuminate/Foundation/Http/Middleware/VerifyCsrfToken.php(88): Illuminate/Pipeline/Pipeline->Illuminate/Pipeline/{closure}(Object(Illuminate/Http/Request))
#24 C:/xampp/htdocs/riskmanagementsystem/risk-management/vendor/laravel/framework/src/Illuminate/Pipeline/Pipeline.php(209): Illuminate/Foundation/Http/Middleware/VerifyCsrfToken->handle(Object(Illuminate/Http/Request), Object(Closure))
#25 C:/xampp/htdocs/riskmanagementsystem/risk-management/vendor/laravel/framework/src/Illuminate/View/Middleware/ShareErrorsFromSession.php(49): Illuminate/Pipeline/Pipeline->Illuminate/Pipeline/{closure}(Object(Illuminate/Http/Request))
#26 C:/xampp/htdocs/riskmanagementsystem/risk-management/vendor/laravel/framework/src/Illuminate/Pipeline/Pipeline.php(209): Illuminate/View/Middleware/ShareErrorsFromSession->handle(Object(Illuminate/Http/Request), Object(Closure))
#27 C:/xampp/htdocs/riskmanagementsystem/risk-management/vendor/laravel/framework/src/Illuminate/Session/Middleware/StartSession.php(121): Illuminate/Pipeline/Pipeline->Illuminate/Pipeline/{closure}(Object(Illuminate/Http/Request))
#28 C:/xampp/htdocs/riskmanagementsystem/risk-management/vendor/laravel/framework/src/Illuminate/Session/Middleware/StartSession.php(64): Illuminate/Session/Middleware/StartSession->handleStatefulRequest(Object(Illuminate/Http/Request), Object(Illuminate/Session/Store), Object(Closure))
#29 C:/xampp/htdocs/riskmanagementsystem/risk-management/vendor/laravel/framework/src/Illuminate/Pipeline/Pipeline.php(209): Illuminate/Session/Middleware/StartSession->handle(Object(Illuminate/Http/Request), Object(Closure))
#30 C:/xampp/htdocs/riskmanagementsystem/risk-management/vendor/laravel/framework/src/Illuminate/Cookie/Middleware/AddQueuedCookiesToResponse.php(37): Illuminate/Pipeline/Pipeline->Illuminate/Pipeline/{closure}(Object(Illuminate/Http/Request))
#31 C:/xampp/htdocs/riskmanagementsystem/risk-management/vendor/laravel/framework/src/Illuminate/Pipeline/Pipeline.php(209): Illuminate/Cookie/Middleware/AddQueuedCookiesToResponse->handle(Object(Illuminate/Http/Request), Object(Closure))
#32 C:/xampp/htdocs/riskmanagementsystem/risk-management/vendor/laravel/framework/src/Illuminate/Cookie/Middleware/EncryptCookies.php(75): Illuminate/Pipeline/Pipeline->Illuminate/Pipeline/{closure}(Object(Illuminate/Http/Request))
#33 C:/xampp/htdocs/riskmanagementsystem/risk-management/vendor/laravel/framework/src/Illuminate/Pipeline/Pipeline.php(209): Illuminate/Cookie/Middleware/EncryptCookies->handle(Object(Illuminate/Http/Request), Object(Closure))
#34 C:/xampp/htdocs/riskmanagementsystem/risk-management/vendor/laravel/framework/src/Illuminate/Pipeline/Pipeline.php(127): Illuminate/Pipeline/Pipeline->Illuminate/Pipeline/{closure}(Object(Illuminate/Http/Request))
#35 C:/xampp/htdocs/riskmanagementsystem/risk-management/vendor/laravel/framework/src/Illuminate/Routing/Router.php(807): Illuminate/Pipeline/Pipeline->then(Object(Closure))
#36 C:/xampp/htdocs/riskmanagementsystem/risk-management/vendor/laravel/framework/src/Illuminate/Routing/Router.php(786): Illuminate/Routing/Router->runRouteWithinStack(Object(Illuminate/Routing/Route), Object(Illuminate/Http/Request))
#37 C:/xampp/htdocs/riskmanagementsystem/risk-management/vendor/laravel/framework/src/Illuminate/Routing/Router.php(750): Illuminate/Routing/Router->runRoute(Object(Illuminate/Http/Request), Object(Illuminate/Routing/Route))
#38 C:/xampp/htdocs/riskmanagementsystem/risk-management/vendor/laravel/framework/src/Illuminate/Routing/Router.php(739): Illuminate/Routing/Router->dispatchToRoute(Object(Illuminate/Http/Request))
#39 C:/xampp/htdocs/riskmanagementsystem/risk-management/vendor/laravel/framework/src/Illuminate/Foundation/Http/Kernel.php(201): Illuminate/Routing/Router->dispatch(Object(Illuminate/Http/Request))
#40 C:/xampp/htdocs/riskmanagementsystem/risk-management/vendor/laravel/framework/src/Illuminate/Pipeline/Pipeline.php(170): Illuminate/Foundation/Http/Kernel->Illuminate/Foundation/Http/{closure}(Object(Illuminate/Http/Request))
#41 C:/xampp/htdocs/riskmanagementsystem/risk-management/vendor/laravel/framework/src/Illuminate/Foundation/Http/Middleware/TransformsRequest.php(21): Illuminate/Pipeline/Pipeline->Illuminate/Pipeline/{closure}(Object(Illuminate/Http/Request))
#42 C:/xampp/htdocs/riskmanagementsystem/risk-management/vendor/laravel/framework/src/Illuminate/Foundation/Http/Middleware/ConvertEmptyStringsToNull.php(31): Illuminate/Foundation/Http/Middleware/TransformsRequest->handle(Object(Illuminate/Http/Request), Object(Closure))
#43 C:/xampp/htdocs/riskmanagementsystem/risk-management/vendor/laravel/framework/src/Illuminate/Pipeline/Pipeline.php(209): Illuminate/Foundation/Http/Middleware/ConvertEmptyStringsToNull->handle(Object(Illuminate/Http/Request), Object(Closure))
#44 C:/xampp/htdocs/riskmanagementsystem/risk-management/vendor/laravel/framework/src/Illuminate/Foundation/Http/Middleware/TransformsRequest.php(21): Illuminate/Pipeline/Pipeline->Illuminate/Pipeline/{closure}(Object(Illuminate/Http/Request))
#45 C:/xampp/htdocs/riskmanagementsystem/risk-management/vendor/laravel/framework/src/Illuminate/Foundation/Http/Middleware/TrimStrings.php(51): Illuminate/Foundation/Http/Middleware/TransformsRequest->handle(Object(Illuminate/Http/Request), Object(Closure))
#46 C:/xampp/htdocs/riskmanagementsystem/risk-management/vendor/laravel/framework/src/Illuminate/Pipeline/Pipeline.php(209): Illuminate/Foundation/Http/Middleware/TrimStrings->handle(Object(Illuminate/Http/Request), Object(Closure))
#47 C:/xampp/htdocs/riskmanagementsystem/risk-management/vendor/laravel/framework/src/Illuminate/Http/Middleware/ValidatePostSize.php(27): Illuminate/Pipeline/Pipeline->Illuminate/Pipeline/{closure}(Object(Illuminate/Http/Request))
#48 C:/xampp/htdocs/riskmanagementsystem/risk-management/vendor/laravel/framework/src/Illuminate/Pipeline/Pipeline.php(209): Illuminate/Http/Middleware/ValidatePostSize->handle(Object(Illuminate/Http/Request), Object(Closure))
#49 C:/xampp/htdocs/riskmanagementsystem/risk-management/vendor/laravel/framework/src/Illuminate/Foundation/Http/Middleware/PreventRequestsDuringMaintenance.php(110): Illuminate/Pipeline/Pipeline->Illuminate/Pipeline/{closure}(Object(Illuminate/Http/Request))
#50 C:/xampp/htdocs/riskmanagementsystem/risk-management/vendor/laravel/framework/src/Illuminate/Pipeline/Pipeline.php(209): Illuminate/Foundation/Http/Middleware/PreventRequestsDuringMaintenance->handle(Object(Illuminate/Http/Request), Object(Closure))
#51 C:/xampp/htdocs/riskmanagementsystem/risk-management/vendor/laravel/framework/src/Illuminate/Http/Middleware/HandleCors.php(49): Illuminate/Pipeline/Pipeline->Illuminate/Pipeline/{closure}(Object(Illuminate/Http/Request))
#52 C:/xampp/htdocs/riskmanagementsystem/risk-management/vendor/laravel/framework/src/Illuminate/Pipeline/Pipeline.php(209): Illuminate/Http/Middleware/HandleCors->handle(Object(Illuminate/Http/Request), Object(Closure))
#53 C:/xampp/htdocs/riskmanagementsystem/risk-management/vendor/laravel/framework/src/Illuminate/Http/Middleware/TrustProxies.php(58): Illuminate/Pipeline/Pipeline->Illuminate/Pipeline/{closure}(Object(Illuminate/Http/Request))
#54 C:/xampp/htdocs/riskmanagementsystem/risk-management/vendor/laravel/framework/src/Illuminate/Pipeline/Pipeline.php(209): Illuminate/Http/Middleware/TrustProxies->handle(Object(Illuminate/Http/Request), Object(Closure))
#55 C:/xampp/htdocs/riskmanagementsystem/risk-management/vendor/laravel/framework/src/Illuminate/Foundation/Http/Middleware/InvokeDeferredCallbacks.php(22): Illuminate/Pipeline/Pipeline->Illuminate/Pipeline/{closure}(Object(Illuminate/Http/Request))
#56 C:/xampp/htdocs/riskmanagementsystem/risk-management/vendor/laravel/framework/src/Illuminate/Pipeline/Pipeline.php(209): Illuminate/Foundation/Http/Middleware/InvokeDeferredCallbacks->handle(Object(Illuminate/Http/Request), Object(Closure))
#57 C:/xampp/htdocs/riskmanagementsystem/risk-management/vendor/laravel/framework/src/Illuminate/Pipeline/Pipeline.php(127): Illuminate/Pipeline/Pipeline->Illuminate/Pipeline/{closure}(Object(Illuminate/Http/Request))
#58 C:/xampp/htdocs/riskmanagementsystem/risk-management/vendor/laravel/framework/src/Illuminate/Foundation/Http/Kernel.php(176): Illuminate/Pipeline/Pipeline->then(Object(Closure))
#59 C:/xampp/htdocs/riskmanagementsystem/risk-management/vendor/laravel/framework/src/Illuminate/Foundation/Http/Kernel.php(145): Illuminate/Foundation/Http/Kernel->sendRequestThroughRouter(Object(Illuminate/Http/Request))
#60 C:/xampp/htdocs/riskmanagementsystem/risk-management/vendor/laravel/framework/src/Illuminate/Foundation/Application.php(1220): Illuminate/Foundation/Http/Kernel->handle(Object(Illuminate/Http/Request))
#61 C:/xampp/htdocs/riskmanagementsystem/risk-management/public/index.php(20): Illuminate/Foundation/Application->handleRequest(Object(Illuminate/Http/Request))
#62 C:/xampp/htdocs/riskmanagementsystem/risk-management/vendor/laravel/framework/src/Illuminate/Foundation/resources/server.php(23): require_once('C://xampp//htdocs...')
#63 {main}
"} 
[2026-09-15 12:05:52] local.ERROR: Error Code    : 918
Error Message : ORA-00918: column ambiguously defined
Help: https://docs.oracle.com/error-help/db/ora-00918/
Position      : 196
Statement     : select resolution_statuses.status_name as status_name, count(*) as total from "INCIDENTS" inner join "RESOLUTION_STATUSES" on "INCIDENTS"."RESOLUTION_STATUS_ID" = "RESOLUTION_STATUSES"."ID" where "VALIDITY" = :p0 group by "RESOLUTION_STATUSES"."STATUS_NAME"
Bindings      : [1]
 (Connection: oracle, SQL: select resolution_statuses.status_name as status_name, count(*) as total from "INCIDENTS" inner join "RESOLUTION_STATUSES" on "INCIDENTS"."RESOLUTION_STATUS_ID" = "RESOLUTION_STATUSES"."ID" where "VALIDITY" = 1 group by "RESOLUTION_STATUSES"."STATUS_NAME") {"userId":1,"exception":"[object] (Illuminate\\Database\\QueryException(code: 918): Error Code    : 918

Error Message : ORA-00918: column ambiguously defined
Help: https://docs.oracle.com/error-help/db/ora-00918/

Position      : 196

Statement     : select resolution_statuses.status_name as status_name, count(*) as total from \"INCIDENTS\" inner join \"RESOLUTION_STATUSES\" on \"INCIDENTS\".\"RESOLUTION_STATUS_ID\" = \"RESOLUTION_STATUSES\".\"ID\" where \"VALIDITY\" = :p0 group by \"RESOLUTION_STATUSES\".\"STATUS_NAME\"

Bindings      : [1]

 (Connection: oracle, SQL: select resolution_statuses.status_name as status_name, count(*) as total from \"INCIDENTS\" inner join \"RESOLUTION_STATUSES\" on \"INCIDENTS\".\"RESOLUTION_STATUS_ID\" = \"RESOLUTION_STATUSES\".\"ID\" where \"VALIDITY\" = 1 group by \"RESOLUTION_STATUSES\".\"STATUS_NAME\") at C:/xampp/htdocs/riskmanagementsystem/risk-management/vendor/laravel/framework/src/Illuminate/Database/Connection.php:825)
[stacktrace]
#0 C:/xampp/htdocs/riskmanagementsystem/risk-management/vendor/laravel/framework/src/Illuminate/Database/Connection.php(779): Illuminate/Database/Connection->runQueryCallback('select resoluti...', Array, Object(Closure))
#1 C:/xampp/htdocs/riskmanagementsystem/risk-management/vendor/laravel/framework/src/Illuminate/Database/Connection.php(398): Illuminate/Database/Connection->run('select resoluti...', Array, Object(Closure))
#2 C:/xampp/htdocs/riskmanagementsystem/risk-management/vendor/yajra/laravel-oci8/src/Oci8/Query/OracleBuilder.php(159): Illuminate/Database/Connection->select('select resoluti...', Array, true)
#3 C:/xampp/htdocs/riskmanagementsystem/risk-management/vendor/laravel/framework/src/Illuminate/Database/Query/Builder.php(3362): Yajra/Oci8/Query/OracleBuilder->runSelect()
#4 C:/xampp/htdocs/riskmanagementsystem/risk-management/vendor/laravel/framework/src/Illuminate/Database/Query/Builder.php(3676): Illuminate/Database/Query/Builder->Illuminate/Database/Query/{closure}()
#5 C:/xampp/htdocs/riskmanagementsystem/risk-management/vendor/laravel/framework/src/Illuminate/Database/Query/Builder.php(3358): Illuminate/Database/Query/Builder->onceWithColumns(Array, Object(Closure))
#6 C:/xampp/htdocs/riskmanagementsystem/risk-management/vendor/laravel/framework/src/Illuminate/Database/Eloquent/Builder.php(991): Illuminate/Database/Query/Builder->pluck('total', 'status_name')
#7 C:/xampp/htdocs/riskmanagementsystem/risk-management/app/Http/Controllers/ReportController.php(27): Illuminate/Database/Eloquent/Builder->pluck('total', 'status_name')
#8 C:/xampp/htdocs/riskmanagementsystem/risk-management/vendor/laravel/framework/src/Illuminate/Routing/ControllerDispatcher.php(47): App/Http/Controllers/ReportController->index()
#9 C:/xampp/htdocs/riskmanagementsystem/risk-management/vendor/laravel/framework/src/Illuminate/Routing/Route.php(266): Illuminate/Routing/ControllerDispatcher->dispatch(Object(Illuminate/Routing/Route), Object(App/Http/Controllers/ReportController), 'index')
#10 C:/xampp/htdocs/riskmanagementsystem/risk-management/vendor/laravel/framework/src/Illuminate/Routing/Route.php(212): Illuminate/Routing/Route->runController()
#11 C:/xampp/htdocs/riskmanagementsystem/risk-management/vendor/laravel/framework/src/Illuminate/Routing/Router.php(808): Illuminate/Routing/Route->run()
#12 C:/xampp/htdocs/riskmanagementsystem/risk-management/vendor/laravel/framework/src/Illuminate/Pipeline/Pipeline.php(170): Illuminate/Routing/Router->Illuminate/Routing/{closure}(Object(Illuminate/Http/Request))
#13 C:/xampp/htdocs/riskmanagementsystem/risk-management/vendor/spatie/laravel-permission/src/Middleware/PermissionMiddleware.php(37): Illuminate/Pipeline/Pipeline->Illuminate/Pipeline/{closure}(Object(Illuminate/Http/Request))
#14 C:/xampp/htdocs/riskmanagementsystem/risk-management/vendor/laravel/framework/src/Illuminate/Pipeline/Pipeline.php(209): Spatie/Permission/Middleware/PermissionMiddleware->handle(Object(Illuminate/Http/Request), Object(Closure), 'view-reports')
#15 C:/xampp/htdocs/riskmanagementsystem/risk-management/app/Http/Middleware/SetArabicLocale.php(20): Illuminate/Pipeline/Pipeline->Illuminate/Pipeline/{closure}(Object(Illuminate/Http/Request))
#16 C:/xampp/htdocs/riskmanagementsystem/risk-management/vendor/laravel/framework/src/Illuminate/Pipeline/Pipeline.php(209): App/Http/Middleware/SetArabicLocale->handle(Object(Illuminate/Http/Request), Object(Closure))
#17 C:/xampp/htdocs/riskmanagementsystem/risk-management/vendor/laravel/framework/src/Illuminate/Routing/Middleware/SubstituteBindings.php(51): Illuminate/Pipeline/Pipeline->Illuminate/Pipeline/{closure}(Object(Illuminate/Http/Request))
#18 C:/xampp/htdocs/riskmanagementsystem/risk-management/vendor/laravel/framework/src/Illuminate/Pipeline/Pipeline.php(209): Illuminate/Routing/Middleware/SubstituteBindings->handle(Object(Illuminate/Http/Request), Object(Closure))
#19 C:/xampp/htdocs/riskmanagementsystem/risk-management/vendor/laravel/framework/src/Illuminate/Auth/Middleware/Authenticate.php(64): Illuminate/Pipeline/Pipeline->Illuminate/Pipeline/{closure}(Object(Illuminate/Http/Request))
#20 C:/xampp/htdocs/riskmanagementsystem/risk-management/vendor/laravel/framework/src/Illuminate/Pipeline/Pipeline.php(209): Illuminate/Auth/Middleware/Authenticate->handle(Object(Illuminate/Http/Request), Object(Closure))
#21 C:/xampp/htdocs/riskmanagementsystem/risk-management/vendor/laravel/framework/src/Illuminate/Foundation/Http/Middleware/VerifyCsrfToken.php(88): Illuminate/Pipeline/Pipeline->Illuminate/Pipeline/{closure}(Object(Illuminate/Http/Request))
#22 C:/xampp/htdocs/riskmanagementsystem/risk-management/vendor/laravel/framework/src/Illuminate/Pipeline/Pipeline.php(209): Illuminate/Foundation/Http/Middleware/VerifyCsrfToken->handle(Object(Illuminate/Http/Request), Object(Closure))
#23 C:/xampp/htdocs/riskmanagementsystem/risk-management/vendor/laravel/framework/src/Illuminate/View/Middleware/ShareErrorsFromSession.php(49): Illuminate/Pipeline/Pipeline->Illuminate/Pipeline/{closure}(Object(Illuminate/Http/Request))
#24 C:/xampp/htdocs/riskmanagementsystem/risk-management/vendor/laravel/framework/src/Illuminate/Pipeline/Pipeline.php(209): Illuminate/View/Middleware/ShareErrorsFromSession->handle(Object(Illuminate/Http/Request), Object(Closure))
#25 C:/xampp/htdocs/riskmanagementsystem/risk-management/vendor/laravel/framework/src/Illuminate/Session/Middleware/StartSession.php(121): Illuminate/Pipeline/Pipeline->Illuminate/Pipeline/{closure}(Object(Illuminate/Http/Request))
#26 C:/xampp/htdocs/riskmanagementsystem/risk-management/vendor/laravel/framework/src/Illuminate/Session/Middleware/StartSession.php(64): Illuminate/Session/Middleware/StartSession->handleStatefulRequest(Object(Illuminate/Http/Request), Object(Illuminate/Session/Store), Object(Closure))
#27 C:/xampp/htdocs/riskmanagementsystem/risk-management/vendor/laravel/framework/src/Illuminate/Pipeline/Pipeline.php(209): Illuminate/Session/Middleware/StartSession->handle(Object(Illuminate/Http/Request), Object(Closure))
#28 C:/xampp/htdocs/riskmanagementsystem/risk-management/vendor/laravel/framework/src/Illuminate/Cookie/Middleware/AddQueuedCookiesToResponse.php(37): Illuminate/Pipeline/Pipeline->Illuminate/Pipeline/{closure}(Object(Illuminate/Http/Request))
#29 C:/xampp/htdocs/riskmanagementsystem/risk-management/vendor/laravel/framework/src/Illuminate/Pipeline/Pipeline.php(209): Illuminate/Cookie/Middleware/AddQueuedCookiesToResponse->handle(Object(Illuminate/Http/Request), Object(Closure))
#30 C:/xampp/htdocs/riskmanagementsystem/risk-management/vendor/laravel/framework/src/Illuminate/Cookie/Middleware/EncryptCookies.php(75): Illuminate/Pipeline/Pipeline->Illuminate/Pipeline/{closure}(Object(Illuminate/Http/Request))
#31 C:/xampp/htdocs/riskmanagementsystem/risk-management/vendor/laravel/framework/src/Illuminate/Pipeline/Pipeline.php(209): Illuminate/Cookie/Middleware/EncryptCookies->handle(Object(Illuminate/Http/Request), Object(Closure))
#32 C:/xampp/htdocs/riskmanagementsystem/risk-management/vendor/laravel/framework/src/Illuminate/Pipeline/Pipeline.php(127): Illuminate/Pipeline/Pipeline->Illuminate/Pipeline/{closure}(Object(Illuminate/Http/Request))
#33 C:/xampp/htdocs/riskmanagementsystem/risk-management/vendor/laravel/framework/src/Illuminate/Routing/Router.php(807): Illuminate/Pipeline/Pipeline->then(Object(Closure))
#34 C:/xampp/htdocs/riskmanagementsystem/risk-management/vendor/laravel/framework/src/Illuminate/Routing/Router.php(786): Illuminate/Routing/Router->runRouteWithinStack(Object(Illuminate/Routing/Route), Object(Illuminate/Http/Request))
#35 C:/xampp/htdocs/riskmanagementsystem/risk-management/vendor/laravel/framework/src/Illuminate/Routing/Router.php(750): Illuminate/Routing/Router->runRoute(Object(Illuminate/Http/Request), Object(Illuminate/Routing/Route))
#36 C:/xampp/htdocs/riskmanagementsystem/risk-management/vendor/laravel/framework/src/Illuminate/Routing/Router.php(739): Illuminate/Routing/Router->dispatchToRoute(Object(Illuminate/Http/Request))
#37 C:/xampp/htdocs/riskmanagementsystem/risk-management/vendor/laravel/framework/src/Illuminate/Foundation/Http/Kernel.php(201): Illuminate/Routing/Router->dispatch(Object(Illuminate/Http/Request))
#38 C:/xampp/htdocs/riskmanagementsystem/risk-management/vendor/laravel/framework/src/Illuminate/Pipeline/Pipeline.php(170): Illuminate/Foundation/Http/Kernel->Illuminate/Foundation/Http/{closure}(Object(Illuminate/Http/Request))
#39 C:/xampp/htdocs/riskmanagementsystem/risk-management/vendor/laravel/framework/src/Illuminate/Foundation/Http/Middleware/TransformsRequest.php(21): Illuminate/Pipeline/Pipeline->Illuminate/Pipeline/{closure}(Object(Illuminate/Http/Request))
#40 C:/xampp/htdocs/riskmanagementsystem/risk-management/vendor/laravel/framework/src/Illuminate/Foundation/Http/Middleware/ConvertEmptyStringsToNull.php(31): Illuminate/Foundation/Http/Middleware/TransformsRequest->handle(Object(Illuminate/Http/Request), Object(Closure))
#41 C:/xampp/htdocs/riskmanagementsystem/risk-management/vendor/laravel/framework/src/Illuminate/Pipeline/Pipeline.php(209): Illuminate/Foundation/Http/Middleware/ConvertEmptyStringsToNull->handle(Object(Illuminate/Http/Request), Object(Closure))
#42 C:/xampp/htdocs/riskmanagementsystem/risk-management/vendor/laravel/framework/src/Illuminate/Foundation/Http/Middleware/TransformsRequest.php(21): Illuminate/Pipeline/Pipeline->Illuminate/Pipeline/{closure}(Object(Illuminate/Http/Request))
#43 C:/xampp/htdocs/riskmanagementsystem/risk-management/vendor/laravel/framework/src/Illuminate/Foundation/Http/Middleware/TrimStrings.php(51): Illuminate/Foundation/Http/Middleware/TransformsRequest->handle(Object(Illuminate/Http/Request), Object(Closure))
#44 C:/xampp/htdocs/riskmanagementsystem/risk-management/vendor/laravel/framework/src/Illuminate/Pipeline/Pipeline.php(209): Illuminate/Foundation/Http/Middleware/TrimStrings->handle(Object(Illuminate/Http/Request), Object(Closure))
#45 C:/xampp/htdocs/riskmanagementsystem/risk-management/vendor/laravel/framework/src/Illuminate/Http/Middleware/ValidatePostSize.php(27): Illuminate/Pipeline/Pipeline->Illuminate/Pipeline/{closure}(Object(Illuminate/Http/Request))
#46 C:/xampp/htdocs/riskmanagementsystem/risk-management/vendor/laravel/framework/src/Illuminate/Pipeline/Pipeline.php(209): Illuminate/Http/Middleware/ValidatePostSize->handle(Object(Illuminate/Http/Request), Object(Closure))
#47 C:/xampp/htdocs/riskmanagementsystem/risk-management/vendor/laravel/framework/src/Illuminate/Foundation/Http/Middleware/PreventRequestsDuringMaintenance.php(110): Illuminate/Pipeline/Pipeline->Illuminate/Pipeline/{closure}(Object(Illuminate/Http/Request))
#48 C:/xampp/htdocs/riskmanagementsystem/risk-management/vendor/laravel/framework/src/Illuminate/Pipeline/Pipeline.php(209): Illuminate/Foundation/Http/Middleware/PreventRequestsDuringMaintenance->handle(Object(Illuminate/Http/Request), Object(Closure))
#49 C:/xampp/htdocs/riskmanagementsystem/risk-management/vendor/laravel/framework/src/Illuminate/Http/Middleware/HandleCors.php(49): Illuminate/Pipeline/Pipeline->Illuminate/Pipeline/{closure}(Object(Illuminate/Http/Request))
#50 C:/xampp/htdocs/riskmanagementsystem/risk-management/vendor/laravel/framework/src/Illuminate/Pipeline/Pipeline.php(209): Illuminate/Http/Middleware/HandleCors->handle(Object(Illuminate/Http/Request), Object(Closure))
#51 C:/xampp/htdocs/riskmanagementsystem/risk-management/vendor/laravel/framework/src/Illuminate/Http/Middleware/TrustProxies.php(58): Illuminate/Pipeline/Pipeline->Illuminate/Pipeline/{closure}(Object(Illuminate/Http/Request))
#52 C:/xampp/htdocs/riskmanagementsystem/risk-management/vendor/laravel/framework/src/Illuminate/Pipeline/Pipeline.php(209): Illuminate/Http/Middleware/TrustProxies->handle(Object(Illuminate/Http/Request), Object(Closure))
#53 C:/xampp/htdocs/riskmanagementsystem/risk-management/vendor/laravel/framework/src/Illuminate/Foundation/Http/Middleware/InvokeDeferredCallbacks.php(22): Illuminate/Pipeline/Pipeline->Illuminate/Pipeline/{closure}(Object(Illuminate/Http/Request))
#54 C:/xampp/htdocs/riskmanagementsystem/risk-management/vendor/laravel/framework/src/Illuminate/Pipeline/Pipeline.php(209): Illuminate/Foundation/Http/Middleware/InvokeDeferredCallbacks->handle(Object(Illuminate/Http/Request), Object(Closure))
#55 C:/xampp/htdocs/riskmanagementsystem/risk-management/vendor/laravel/framework/src/Illuminate/Pipeline/Pipeline.php(127): Illuminate/Pipeline/Pipeline->Illuminate/Pipeline/{closure}(Object(Illuminate/Http/Request))
#56 C:/xampp/htdocs/riskmanagementsystem/risk-management/vendor/laravel/framework/src/Illuminate/Foundation/Http/Kernel.php(176): Illuminate/Pipeline/Pipeline->then(Object(Closure))
#57 C:/xampp/htdocs/riskmanagementsystem/risk-management/vendor/laravel/framework/src/Illuminate/Foundation/Http/Kernel.php(145): Illuminate/Foundation/Http/Kernel->sendRequestThroughRouter(Object(Illuminate/Http/Request))
#58 C:/xampp/htdocs/riskmanagementsystem/risk-management/vendor/laravel/framework/src/Illuminate/Foundation/Application.php(1220): Illuminate/Foundation/Http/Kernel->handle(Object(Illuminate/Http/Request))
#59 C:/xampp/htdocs/riskmanagementsystem/risk-management/public/index.php(20): Illuminate/Foundation/Application->handleRequest(Object(Illuminate/Http/Request))
#60 C:/xampp/htdocs/riskmanagementsystem/risk-management/vendor/laravel/framework/src/Illuminate/Foundation/resources/server.php(23): require_once('C://xampp//htdocs...')
#61 {main}

[previous exception] [object] (Yajra\\Pdo\\Oci8\\Exceptions\\Oci8Exception(code: 918): Error Code    : 918

Error Message : ORA-00918: column ambiguously defined
Help: https://docs.oracle.com/error-help/db/ora-00918/

Position      : 196

Statement     : select resolution_statuses.status_name as status_name, count(*) as total from \"INCIDENTS\" inner join \"RESOLUTION_STATUSES\" on \"INCIDENTS\".\"RESOLUTION_STATUS_ID\" = \"RESOLUTION_STATUSES\".\"ID\" where \"VALIDITY\" = :p0 group by \"RESOLUTION_STATUSES\".\"STATUS_NAME\"

Bindings      : [1]

 at C:/xampp/htdocs/riskmanagementsystem/risk-management/vendor/yajra/laravel-pdo-via-oci8/src/Pdo/Oci8/Statement.php:798)
[stacktrace]
#0 C:/xampp/htdocs/riskmanagementsystem/risk-management/vendor/laravel/framework/src/Illuminate/Database/Connection.php(412): Yajra/Pdo/Oci8/Statement->execute()
#1 C:/xampp/htdocs/riskmanagementsystem/risk-management/vendor/laravel/framework/src/Illuminate/Database/Connection.php(812): Illuminate/Database/Connection->Illuminate/Database/{closure}('select resoluti...', Array)
#2 C:/xampp/htdocs/riskmanagementsystem/risk-management/vendor/laravel/framework/src/Illuminate/Database/Connection.php(779): Illuminate/Database/Connection->runQueryCallback('select resoluti...', Array, Object(Closure))
#3 C:/xampp/htdocs/riskmanagementsystem/risk-management/vendor/laravel/framework/src/Illuminate/Database/Connection.php(398): Illuminate/Database/Connection->run('select resoluti...', Array, Object(Closure))
#4 C:/xampp/htdocs/riskmanagementsystem/risk-management/vendor/yajra/laravel-oci8/src/Oci8/Query/OracleBuilder.php(159): Illuminate/Database/Connection->select('select resoluti...', Array, true)
#5 C:/xampp/htdocs/riskmanagementsystem/risk-management/vendor/laravel/framework/src/Illuminate/Database/Query/Builder.php(3362): Yajra/Oci8/Query/OracleBuilder->runSelect()
#6 C:/xampp/htdocs/riskmanagementsystem/risk-management/vendor/laravel/framework/src/Illuminate/Database/Query/Builder.php(3676): Illuminate/Database/Query/Builder->Illuminate/Database/Query/{closure}()
#7 C:/xampp/htdocs/riskmanagementsystem/risk-management/vendor/laravel/framework/src/Illuminate/Database/Query/Builder.php(3358): Illuminate/Database/Query/Builder->onceWithColumns(Array, Object(Closure))
#8 C:/xampp/htdocs/riskmanagementsystem/risk-management/vendor/laravel/framework/src/Illuminate/Database/Eloquent/Builder.php(991): Illuminate/Database/Query/Builder->pluck('total', 'status_name')
#9 C:/xampp/htdocs/riskmanagementsystem/risk-management/app/Http/Controllers/ReportController.php(27): Illuminate/Database/Eloquent/Builder->pluck('total', 'status_name')
#10 C:/xampp/htdocs/riskmanagementsystem/risk-management/vendor/laravel/framework/src/Illuminate/Routing/ControllerDispatcher.php(47): App/Http/Controllers/ReportController->index()
#11 C:/xampp/htdocs/riskmanagementsystem/risk-management/vendor/laravel/framework/src/Illuminate/Routing/Route.php(266): Illuminate/Routing/ControllerDispatcher->dispatch(Object(Illuminate/Routing/Route), Object(App/Http/Controllers/ReportController), 'index')
#12 C:/xampp/htdocs/riskmanagementsystem/risk-management/vendor/laravel/framework/src/Illuminate/Routing/Route.php(212): Illuminate/Routing/Route->runController()
#13 C:/xampp/htdocs/riskmanagementsystem/risk-management/vendor/laravel/framework/src/Illuminate/Routing/Router.php(808): Illuminate/Routing/Route->run()
#14 C:/xampp/htdocs/riskmanagementsystem/risk-management/vendor/laravel/framework/src/Illuminate/Pipeline/Pipeline.php(170): Illuminate/Routing/Router->Illuminate/Routing/{closure}(Object(Illuminate/Http/Request))
#15 C:/xampp/htdocs/riskmanagementsystem/risk-management/vendor/spatie/laravel-permission/src/Middleware/PermissionMiddleware.php(37): Illuminate/Pipeline/Pipeline->Illuminate/Pipeline/{closure}(Object(Illuminate/Http/Request))
#16 C:/xampp/htdocs/riskmanagementsystem/risk-management/vendor/laravel/framework/src/Illuminate/Pipeline/Pipeline.php(209): Spatie/Permission/Middleware/PermissionMiddleware->handle(Object(Illuminate/Http/Request), Object(Closure), 'view-reports')
#17 C:/xampp/htdocs/riskmanagementsystem/risk-management/app/Http/Middleware/SetArabicLocale.php(20): Illuminate/Pipeline/Pipeline->Illuminate/Pipeline/{closure}(Object(Illuminate/Http/Request))
#18 C:/xampp/htdocs/riskmanagementsystem/risk-management/vendor/laravel/framework/src/Illuminate/Pipeline/Pipeline.php(209): App/Http/Middleware/SetArabicLocale->handle(Object(Illuminate/Http/Request), Object(Closure))
#19 C:/xampp/htdocs/riskmanagementsystem/risk-management/vendor/laravel/framework/src/Illuminate/Routing/Middleware/SubstituteBindings.php(51): Illuminate/Pipeline/Pipeline->Illuminate/Pipeline/{closure}(Object(Illuminate/Http/Request))
#20 C:/xampp/htdocs/riskmanagementsystem/risk-management/vendor/laravel/framework/src/Illuminate/Pipeline/Pipeline.php(209): Illuminate/Routing/Middleware/SubstituteBindings->handle(Object(Illuminate/Http/Request), Object(Closure))
#21 C:/xampp/htdocs/riskmanagementsystem/risk-management/vendor/laravel/framework/src/Illuminate/Auth/Middleware/Authenticate.php(64): Illuminate/Pipeline/Pipeline->Illuminate/Pipeline/{closure}(Object(Illuminate/Http/Request))
#22 C:/xampp/htdocs/riskmanagementsystem/risk-management/vendor/laravel/framework/src/Illuminate/Pipeline/Pipeline.php(209): Illuminate/Auth/Middleware/Authenticate->handle(Object(Illuminate/Http/Request), Object(Closure))
#23 C:/xampp/htdocs/riskmanagementsystem/risk-management/vendor/laravel/framework/src/Illuminate/Foundation/Http/Middleware/VerifyCsrfToken.php(88): Illuminate/Pipeline/Pipeline->Illuminate/Pipeline/{closure}(Object(Illuminate/Http/Request))
#24 C:/xampp/htdocs/riskmanagementsystem/risk-management/vendor/laravel/framework/src/Illuminate/Pipeline/Pipeline.php(209): Illuminate/Foundation/Http/Middleware/VerifyCsrfToken->handle(Object(Illuminate/Http/Request), Object(Closure))
#25 C:/xampp/htdocs/riskmanagementsystem/risk-management/vendor/laravel/framework/src/Illuminate/View/Middleware/ShareErrorsFromSession.php(49): Illuminate/Pipeline/Pipeline->Illuminate/Pipeline/{closure}(Object(Illuminate/Http/Request))
#26 C:/xampp/htdocs/riskmanagementsystem/risk-management/vendor/laravel/framework/src/Illuminate/Pipeline/Pipeline.php(209): Illuminate/View/Middleware/ShareErrorsFromSession->handle(Object(Illuminate/Http/Request), Object(Closure))
#27 C:/xampp/htdocs/riskmanagementsystem/risk-management/vendor/laravel/framework/src/Illuminate/Session/Middleware/StartSession.php(121): Illuminate/Pipeline/Pipeline->Illuminate/Pipeline/{closure}(Object(Illuminate/Http/Request))
#28 C:/xampp/htdocs/riskmanagementsystem/risk-management/vendor/laravel/framework/src/Illuminate/Session/Middleware/StartSession.php(64): Illuminate/Session/Middleware/StartSession->handleStatefulRequest(Object(Illuminate/Http/Request), Object(Illuminate/Session/Store), Object(Closure))
#29 C:/xampp/htdocs/riskmanagementsystem/risk-management/vendor/laravel/framework/src/Illuminate/Pipeline/Pipeline.php(209): Illuminate/Session/Middleware/StartSession->handle(Object(Illuminate/Http/Request), Object(Closure))
#30 C:/xampp/htdocs/riskmanagementsystem/risk-management/vendor/laravel/framework/src/Illuminate/Cookie/Middleware/AddQueuedCookiesToResponse.php(37): Illuminate/Pipeline/Pipeline->Illuminate/Pipeline/{closure}(Object(Illuminate/Http/Request))
#31 C:/xampp/htdocs/riskmanagementsystem/risk-management/vendor/laravel/framework/src/Illuminate/Pipeline/Pipeline.php(209): Illuminate/Cookie/Middleware/AddQueuedCookiesToResponse->handle(Object(Illuminate/Http/Request), Object(Closure))
#32 C:/xampp/htdocs/riskmanagementsystem/risk-management/vendor/laravel/framework/src/Illuminate/Cookie/Middleware/EncryptCookies.php(75): Illuminate/Pipeline/Pipeline->Illuminate/Pipeline/{closure}(Object(Illuminate/Http/Request))
#33 C:/xampp/htdocs/riskmanagementsystem/risk-management/vendor/laravel/framework/src/Illuminate/Pipeline/Pipeline.php(209): Illuminate/Cookie/Middleware/EncryptCookies->handle(Object(Illuminate/Http/Request), Object(Closure))
#34 C:/xampp/htdocs/riskmanagementsystem/risk-management/vendor/laravel/framework/src/Illuminate/Pipeline/Pipeline.php(127): Illuminate/Pipeline/Pipeline->Illuminate/Pipeline/{closure}(Object(Illuminate/Http/Request))
#35 C:/xampp/htdocs/riskmanagementsystem/risk-management/vendor/laravel/framework/src/Illuminate/Routing/Router.php(807): Illuminate/Pipeline/Pipeline->then(Object(Closure))
#36 C:/xampp/htdocs/riskmanagementsystem/risk-management/vendor/laravel/framework/src/Illuminate/Routing/Router.php(786): Illuminate/Routing/Router->runRouteWithinStack(Object(Illuminate/Routing/Route), Object(Illuminate/Http/Request))
#37 C:/xampp/htdocs/riskmanagementsystem/risk-management/vendor/laravel/framework/src/Illuminate/Routing/Router.php(750): Illuminate/Routing/Router->runRoute(Object(Illuminate/Http/Request), Object(Illuminate/Routing/Route))
#38 C:/xampp/htdocs/riskmanagementsystem/risk-management/vendor/laravel/framework/src/Illuminate/Routing/Router.php(739): Illuminate/Routing/Router->dispatchToRoute(Object(Illuminate/Http/Request))
#39 C:/xampp/htdocs/riskmanagementsystem/risk-management/vendor/laravel/framework/src/Illuminate/Foundation/Http/Kernel.php(201): Illuminate/Routing/Router->dispatch(Object(Illuminate/Http/Request))
#40 C:/xampp/htdocs/riskmanagementsystem/risk-management/vendor/laravel/framework/src/Illuminate/Pipeline/Pipeline.php(170): Illuminate/Foundation/Http/Kernel->Illuminate/Foundation/Http/{closure}(Object(Illuminate/Http/Request))
#41 C:/xampp/htdocs/riskmanagementsystem/risk-management/vendor/laravel/framework/src/Illuminate/Foundation/Http/Middleware/TransformsRequest.php(21): Illuminate/Pipeline/Pipeline->Illuminate/Pipeline/{closure}(Object(Illuminate/Http/Request))
#42 C:/xampp/htdocs/riskmanagementsystem/risk-management/vendor/laravel/framework/src/Illuminate/Foundation/Http/Middleware/ConvertEmptyStringsToNull.php(31): Illuminate/Foundation/Http/Middleware/TransformsRequest->handle(Object(Illuminate/Http/Request), Object(Closure))
#43 C:/xampp/htdocs/riskmanagementsystem/risk-management/vendor/laravel/framework/src/Illuminate/Pipeline/Pipeline.php(209): Illuminate/Foundation/Http/Middleware/ConvertEmptyStringsToNull->handle(Object(Illuminate/Http/Request), Object(Closure))
#44 C:/xampp/htdocs/riskmanagementsystem/risk-management/vendor/laravel/framework/src/Illuminate/Foundation/Http/Middleware/TransformsRequest.php(21): Illuminate/Pipeline/Pipeline->Illuminate/Pipeline/{closure}(Object(Illuminate/Http/Request))
#45 C:/xampp/htdocs/riskmanagementsystem/risk-management/vendor/laravel/framework/src/Illuminate/Foundation/Http/Middleware/TrimStrings.php(51): Illuminate/Foundation/Http/Middleware/TransformsRequest->handle(Object(Illuminate/Http/Request), Object(Closure))
#46 C:/xampp/htdocs/riskmanagementsystem/risk-management/vendor/laravel/framework/src/Illuminate/Pipeline/Pipeline.php(209): Illuminate/Foundation/Http/Middleware/TrimStrings->handle(Object(Illuminate/Http/Request), Object(Closure))
#47 C:/xampp/htdocs/riskmanagementsystem/risk-management/vendor/laravel/framework/src/Illuminate/Http/Middleware/ValidatePostSize.php(27): Illuminate/Pipeline/Pipeline->Illuminate/Pipeline/{closure}(Object(Illuminate/Http/Request))
#48 C:/xampp/htdocs/riskmanagementsystem/risk-management/vendor/laravel/framework/src/Illuminate/Pipeline/Pipeline.php(209): Illuminate/Http/Middleware/ValidatePostSize->handle(Object(Illuminate/Http/Request), Object(Closure))
#49 C:/xampp/htdocs/riskmanagementsystem/risk-management/vendor/laravel/framework/src/Illuminate/Foundation/Http/Middleware/PreventRequestsDuringMaintenance.php(110): Illuminate/Pipeline/Pipeline->Illuminate/Pipeline/{closure}(Object(Illuminate/Http/Request))
#50 C:/xampp/htdocs/riskmanagementsystem/risk-management/vendor/laravel/framework/src/Illuminate/Pipeline/Pipeline.php(209): Illuminate/Foundation/Http/Middleware/PreventRequestsDuringMaintenance->handle(Object(Illuminate/Http/Request), Object(Closure))
#51 C:/xampp/htdocs/riskmanagementsystem/risk-management/vendor/laravel/framework/src/Illuminate/Http/Middleware/HandleCors.php(49): Illuminate/Pipeline/Pipeline->Illuminate/Pipeline/{closure}(Object(Illuminate/Http/Request))
#52 C:/xampp/htdocs/riskmanagementsystem/risk-management/vendor/laravel/framework/src/Illuminate/Pipeline/Pipeline.php(209): Illuminate/Http/Middleware/HandleCors->handle(Object(Illuminate/Http/Request), Object(Closure))
#53 C:/xampp/htdocs/riskmanagementsystem/risk-management/vendor/laravel/framework/src/Illuminate/Http/Middleware/TrustProxies.php(58): Illuminate/Pipeline/Pipeline->Illuminate/Pipeline/{closure}(Object(Illuminate/Http/Request))
#54 C:/xampp/htdocs/riskmanagementsystem/risk-management/vendor/laravel/framework/src/Illuminate/Pipeline/Pipeline.php(209): Illuminate/Http/Middleware/TrustProxies->handle(Object(Illuminate/Http/Request), Object(Closure))
#55 C:/xampp/htdocs/riskmanagementsystem/risk-management/vendor/laravel/framework/src/Illuminate/Foundation/Http/Middleware/InvokeDeferredCallbacks.php(22): Illuminate/Pipeline/Pipeline->Illuminate/Pipeline/{closure}(Object(Illuminate/Http/Request))
#56 C:/xampp/htdocs/riskmanagementsystem/risk-management/vendor/laravel/framework/src/Illuminate/Pipeline/Pipeline.php(209): Illuminate/Foundation/Http/Middleware/InvokeDeferredCallbacks->handle(Object(Illuminate/Http/Request), Object(Closure))
#57 C:/xampp/htdocs/riskmanagementsystem/risk-management/vendor/laravel/framework/src/Illuminate/Pipeline/Pipeline.php(127): Illuminate/Pipeline/Pipeline->Illuminate/Pipeline/{closure}(Object(Illuminate/Http/Request))
#58 C:/xampp/htdocs/riskmanagementsystem/risk-management/vendor/laravel/framework/src/Illuminate/Foundation/Http/Kernel.php(176): Illuminate/Pipeline/Pipeline->then(Object(Closure))
#59 C:/xampp/htdocs/riskmanagementsystem/risk-management/vendor/laravel/framework/src/Illuminate/Foundation/Http/Kernel.php(145): Illuminate/Foundation/Http/Kernel->sendRequestThroughRouter(Object(Illuminate/Http/Request))
#60 C:/xampp/htdocs/riskmanagementsystem/risk-management/vendor/laravel/framework/src/Illuminate/Foundation/Application.php(1220): Illuminate/Foundation/Http/Kernel->handle(Object(Illuminate/Http/Request))
#61 C:/xampp/htdocs/riskmanagementsystem/risk-management/public/index.php(20): Illuminate/Foundation/Application->handleRequest(Object(Illuminate/Http/Request))
#62 C:/xampp/htdocs/riskmanagementsystem/risk-management/vendor/laravel/framework/src/Illuminate/Foundation/resources/server.php(23): require_once('C://xampp//htdocs...')
#63 {main}
"} 
[2026-09-15 12:24:40] local.ERROR: Unclosed '[' on line 118 does not match ')' (View: C:\xampp\htdocs\riskmanagementsystem\risk-management\resources\views\admin\users\index.blade.php) {"userId":1,"exception":"[object] (Illuminate\\View\\ViewException(code: 0): Unclosed '[' on line 118 does not match ')' (View: C:\\xampp\\htdocs\\riskmanagementsystem\\risk-management\\resources\\views\\admin\\users\\index.blade.php) at C:/xampp/htdocs/riskmanagementsystem/risk-management/storage/framework/views/6395e38908531d2a280c3cad93cb48ed.php:119)
[stacktrace]
#0 C:/xampp/htdocs/riskmanagementsystem/risk-management/vendor/laravel/framework/src/Illuminate/View/Engines/PhpEngine.php(60): Illuminate/View/Engines/CompilerEngine->handleViewException(Object(ParseError), 1)
#1 C:/xampp/htdocs/riskmanagementsystem/risk-management/vendor/laravel/framework/src/Illuminate/View/Engines/CompilerEngine.php(75): Illuminate/View/Engines/PhpEngine->evaluatePath('C://xampp//htdocs...', Array)
#2 C:/xampp/htdocs/riskmanagementsystem/risk-management/vendor/laravel/framework/src/Illuminate/View/View.php(209): Illuminate/View/Engines/CompilerEngine->get('C://xampp//htdocs...', Array)
#3 C:/xampp/htdocs/riskmanagementsystem/risk-management/vendor/laravel/framework/src/Illuminate/View/View.php(192): Illuminate/View/View->getContents()
#4 C:/xampp/htdocs/riskmanagementsystem/risk-management/vendor/laravel/framework/src/Illuminate/View/View.php(161): Illuminate/View/View->renderContents()
#5 C:/xampp/htdocs/riskmanagementsystem/risk-management/vendor/laravel/framework/src/Illuminate/Http/Response.php(79): Illuminate/View/View->render()
#6 C:/xampp/htdocs/riskmanagementsystem/risk-management/vendor/laravel/framework/src/Illuminate/Http/Response.php(35): Illuminate/Http/Response->setContent(Object(Illuminate/View/View))
#7 C:/xampp/htdocs/riskmanagementsystem/risk-management/vendor/laravel/framework/src/Illuminate/Routing/Router.php(920): Illuminate/Http/Response->__construct(Object(Illuminate/View/View), 200, Array)
#8 C:/xampp/htdocs/riskmanagementsystem/risk-management/vendor/laravel/framework/src/Illuminate/Routing/Router.php(887): Illuminate/Routing/Router::toResponse(Object(Illuminate/Http/Request), Object(Illuminate/View/View))
#9 C:/xampp/htdocs/riskmanagementsystem/risk-management/vendor/laravel/framework/src/Illuminate/Routing/Router.php(807): Illuminate/Routing/Router->prepareResponse(Object(Illuminate/Http/Request), Object(Illuminate/View/View))
#10 C:/xampp/htdocs/riskmanagementsystem/risk-management/vendor/laravel/framework/src/Illuminate/Pipeline/Pipeline.php(170): Illuminate/Routing/Router->Illuminate/Routing/{closure}(Object(Illuminate/Http/Request))
#11 C:/xampp/htdocs/riskmanagementsystem/risk-management/vendor/spatie/laravel-permission/src/Middleware/PermissionMiddleware.php(37): Illuminate/Pipeline/Pipeline->Illuminate/Pipeline/{closure}(Object(Illuminate/Http/Request))
#12 C:/xampp/htdocs/riskmanagementsystem/risk-management/vendor/laravel/framework/src/Illuminate/Pipeline/Pipeline.php(209): Spatie/Permission/Middleware/PermissionMiddleware->handle(Object(Illuminate/Http/Request), Object(Closure), 'manage-users')
#13 C:/xampp/htdocs/riskmanagementsystem/risk-management/app/Http/Middleware/SetArabicLocale.php(20): Illuminate/Pipeline/Pipeline->Illuminate/Pipeline/{closure}(Object(Illuminate/Http/Request))
#14 C:/xampp/htdocs/riskmanagementsystem/risk-management/vendor/laravel/framework/src/Illuminate/Pipeline/Pipeline.php(209): App/Http/Middleware/SetArabicLocale->handle(Object(Illuminate/Http/Request), Object(Closure))
#15 C:/xampp/htdocs/riskmanagementsystem/risk-management/vendor/laravel/framework/src/Illuminate/Routing/Middleware/SubstituteBindings.php(51): Illuminate/Pipeline/Pipeline->Illuminate/Pipeline/{closure}(Object(Illuminate/Http/Request))
#16 C:/xampp/htdocs/riskmanagementsystem/risk-management/vendor/laravel/framework/src/Illuminate/Pipeline/Pipeline.php(209): Illuminate/Routing/Middleware/SubstituteBindings->handle(Object(Illuminate/Http/Request), Object(Closure))
#17 C:/xampp/htdocs/riskmanagementsystem/risk-management/vendor/laravel/framework/src/Illuminate/Auth/Middleware/Authenticate.php(64): Illuminate/Pipeline/Pipeline->Illuminate/Pipeline/{closure}(Object(Illuminate/Http/Request))
#18 C:/xampp/htdocs/riskmanagementsystem/risk-management/vendor/laravel/framework/src/Illuminate/Pipeline/Pipeline.php(209): Illuminate/Auth/Middleware/Authenticate->handle(Object(Illuminate/Http/Request), Object(Closure))
#19 C:/xampp/htdocs/riskmanagementsystem/risk-management/vendor/laravel/framework/src/Illuminate/Foundation/Http/Middleware/VerifyCsrfToken.php(88): Illuminate/Pipeline/Pipeline->Illuminate/Pipeline/{closure}(Object(Illuminate/Http/Request))
#20 C:/xampp/htdocs/riskmanagementsystem/risk-management/vendor/laravel/framework/src/Illuminate/Pipeline/Pipeline.php(209): Illuminate/Foundation/Http/Middleware/VerifyCsrfToken->handle(Object(Illuminate/Http/Request), Object(Closure))
#21 C:/xampp/htdocs/riskmanagementsystem/risk-management/vendor/laravel/framework/src/Illuminate/View/Middleware/ShareErrorsFromSession.php(49): Illuminate/Pipeline/Pipeline->Illuminate/Pipeline/{closure}(Object(Illuminate/Http/Request))
#22 C:/xampp/htdocs/riskmanagementsystem/risk-management/vendor/laravel/framework/src/Illuminate/Pipeline/Pipeline.php(209): Illuminate/View/Middleware/ShareErrorsFromSession->handle(Object(Illuminate/Http/Request), Object(Closure))
#23 C:/xampp/htdocs/riskmanagementsystem/risk-management/vendor/laravel/framework/src/Illuminate/Session/Middleware/StartSession.php(121): Illuminate/Pipeline/Pipeline->Illuminate/Pipeline/{closure}(Object(Illuminate/Http/Request))
#24 C:/xampp/htdocs/riskmanagementsystem/risk-management/vendor/laravel/framework/src/Illuminate/Session/Middleware/StartSession.php(64): Illuminate/Session/Middleware/StartSession->handleStatefulRequest(Object(Illuminate/Http/Request), Object(Illuminate/Session/Store), Object(Closure))
#25 C:/xampp/htdocs/riskmanagementsystem/risk-management/vendor/laravel/framework/src/Illuminate/Pipeline/Pipeline.php(209): Illuminate/Session/Middleware/StartSession->handle(Object(Illuminate/Http/Request), Object(Closure))
#26 C:/xampp/htdocs/riskmanagementsystem/risk-management/vendor/laravel/framework/src/Illuminate/Cookie/Middleware/AddQueuedCookiesToResponse.php(37): Illuminate/Pipeline/Pipeline->Illuminate/Pipeline/{closure}(Object(Illuminate/Http/Request))
#27 C:/xampp/htdocs/riskmanagementsystem/risk-management/vendor/laravel/framework/src/Illuminate/Pipeline/Pipeline.php(209): Illuminate/Cookie/Middleware/AddQueuedCookiesToResponse->handle(Object(Illuminate/Http/Request), Object(Closure))
#28 C:/xampp/htdocs/riskmanagementsystem/risk-management/vendor/laravel/framework/src/Illuminate/Cookie/Middleware/EncryptCookies.php(75): Illuminate/Pipeline/Pipeline->Illuminate/Pipeline/{closure}(Object(Illuminate/Http/Request))
#29 C:/xampp/htdocs/riskmanagementsystem/risk-management/vendor/laravel/framework/src/Illuminate/Pipeline/Pipeline.php(209): Illuminate/Cookie/Middleware/EncryptCookies->handle(Object(Illuminate/Http/Request), Object(Closure))
#30 C:/xampp/htdocs/riskmanagementsystem/risk-management/vendor/laravel/framework/src/Illuminate/Pipeline/Pipeline.php(127): Illuminate/Pipeline/Pipeline->Illuminate/Pipeline/{closure}(Object(Illuminate/Http/Request))
#31 C:/xampp/htdocs/riskmanagementsystem/risk-management/vendor/laravel/framework/src/Illuminate/Routing/Router.php(807): Illuminate/Pipeline/Pipeline->then(Object(Closure))
#32 C:/xampp/htdocs/riskmanagementsystem/risk-management/vendor/laravel/framework/src/Illuminate/Routing/Router.php(786): Illuminate/Routing/Router->runRouteWithinStack(Object(Illuminate/Routing/Route), Object(Illuminate/Http/Request))
#33 C:/xampp/htdocs/riskmanagementsystem/risk-management/vendor/laravel/framework/src/Illuminate/Routing/Router.php(750): Illuminate/Routing/Router->runRoute(Object(Illuminate/Http/Request), Object(Illuminate/Routing/Route))
#34 C:/xampp/htdocs/riskmanagementsystem/risk-management/vendor/laravel/framework/src/Illuminate/Routing/Router.php(739): Illuminate/Routing/Router->dispatchToRoute(Object(Illuminate/Http/Request))
#35 C:/xampp/htdocs/riskmanagementsystem/risk-management/vendor/laravel/framework/src/Illuminate/Foundation/Http/Kernel.php(201): Illuminate/Routing/Router->dispatch(Object(Illuminate/Http/Request))
#36 C:/xampp/htdocs/riskmanagementsystem/risk-management/vendor/laravel/framework/src/Illuminate/Pipeline/Pipeline.php(170): Illuminate/Foundation/Http/Kernel->Illuminate/Foundation/Http/{closure}(Object(Illuminate/Http/Request))
#37 C:/xampp/htdocs/riskmanagementsystem/risk-management/vendor/laravel/framework/src/Illuminate/Foundation/Http/Middleware/TransformsRequest.php(21): Illuminate/Pipeline/Pipeline->Illuminate/Pipeline/{closure}(Object(Illuminate/Http/Request))
#38 C:/xampp/htdocs/riskmanagementsystem/risk-management/vendor/laravel/framework/src/Illuminate/Foundation/Http/Middleware/ConvertEmptyStringsToNull.php(31): Illuminate/Foundation/Http/Middleware/TransformsRequest->handle(Object(Illuminate/Http/Request), Object(Closure))
#39 C:/xampp/htdocs/riskmanagementsystem/risk-management/vendor/laravel/framework/src/Illuminate/Pipeline/Pipeline.php(209): Illuminate/Foundation/Http/Middleware/ConvertEmptyStringsToNull->handle(Object(Illuminate/Http/Request), Object(Closure))
#40 C:/xampp/htdocs/riskmanagementsystem/risk-management/vendor/laravel/framework/src/Illuminate/Foundation/Http/Middleware/TransformsRequest.php(21): Illuminate/Pipeline/Pipeline->Illuminate/Pipeline/{closure}(Object(Illuminate/Http/Request))
#41 C:/xampp/htdocs/riskmanagementsystem/risk-management/vendor/laravel/framework/src/Illuminate/Foundation/Http/Middleware/TrimStrings.php(51): Illuminate/Foundation/Http/Middleware/TransformsRequest->handle(Object(Illuminate/Http/Request), Object(Closure))
#42 C:/xampp/htdocs/riskmanagementsystem/risk-management/vendor/laravel/framework/src/Illuminate/Pipeline/Pipeline.php(209): Illuminate/Foundation/Http/Middleware/TrimStrings->handle(Object(Illuminate/Http/Request), Object(Closure))
#43 C:/xampp/htdocs/riskmanagementsystem/risk-management/vendor/laravel/framework/src/Illuminate/Http/Middleware/ValidatePostSize.php(27): Illuminate/Pipeline/Pipeline->Illuminate/Pipeline/{closure}(Object(Illuminate/Http/Request))
#44 C:/xampp/htdocs/riskmanagementsystem/risk-management/vendor/laravel/framework/src/Illuminate/Pipeline/Pipeline.php(209): Illuminate/Http/Middleware/ValidatePostSize->handle(Object(Illuminate/Http/Request), Object(Closure))
#45 C:/xampp/htdocs/riskmanagementsystem/risk-management/vendor/laravel/framework/src/Illuminate/Foundation/Http/Middleware/PreventRequestsDuringMaintenance.php(110): Illuminate/Pipeline/Pipeline->Illuminate/Pipeline/{closure}(Object(Illuminate/Http/Request))
#46 C:/xampp/htdocs/riskmanagementsystem/risk-management/vendor/laravel/framework/src/Illuminate/Pipeline/Pipeline.php(209): Illuminate/Foundation/Http/Middleware/PreventRequestsDuringMaintenance->handle(Object(Illuminate/Http/Request), Object(Closure))
#47 C:/xampp/htdocs/riskmanagementsystem/risk-management/vendor/laravel/framework/src/Illuminate/Http/Middleware/HandleCors.php(49): Illuminate/Pipeline/Pipeline->Illuminate/Pipeline/{closure}(Object(Illuminate/Http/Request))
#48 C:/xampp/htdocs/riskmanagementsystem/risk-management/vendor/laravel/framework/src/Illuminate/Pipeline/Pipeline.php(209): Illuminate/Http/Middleware/HandleCors->handle(Object(Illuminate/Http/Request), Object(Closure))
#49 C:/xampp/htdocs/riskmanagementsystem/risk-management/vendor/laravel/framework/src/Illuminate/Http/Middleware/TrustProxies.php(58): Illuminate/Pipeline/Pipeline->Illuminate/Pipeline/{closure}(Object(Illuminate/Http/Request))
#50 C:/xampp/htdocs/riskmanagementsystem/risk-management/vendor/laravel/framework/src/Illuminate/Pipeline/Pipeline.php(209): Illuminate/Http/Middleware/TrustProxies->handle(Object(Illuminate/Http/Request), Object(Closure))
#51 C:/xampp/htdocs/riskmanagementsystem/risk-management/vendor/laravel/framework/src/Illuminate/Foundation/Http/Middleware/InvokeDeferredCallbacks.php(22): Illuminate/Pipeline/Pipeline->Illuminate/Pipeline/{closure}(Object(Illuminate/Http/Request))
#52 C:/xampp/htdocs/riskmanagementsystem/risk-management/vendor/laravel/framework/src/Illuminate/Pipeline/Pipeline.php(209): Illuminate/Foundation/Http/Middleware/InvokeDeferredCallbacks->handle(Object(Illuminate/Http/Request), Object(Closure))
#53 C:/xampp/htdocs/riskmanagementsystem/risk-management/vendor/laravel/framework/src/Illuminate/Pipeline/Pipeline.php(127): Illuminate/Pipeline/Pipeline->Illuminate/Pipeline/{closure}(Object(Illuminate/Http/Request))
#54 C:/xampp/htdocs/riskmanagementsystem/risk-management/vendor/laravel/framework/src/Illuminate/Foundation/Http/Kernel.php(176): Illuminate/Pipeline/Pipeline->then(Object(Closure))
#55 C:/xampp/htdocs/riskmanagementsystem/risk-management/vendor/laravel/framework/src/Illuminate/Foundation/Http/Kernel.php(145): Illuminate/Foundation/Http/Kernel->sendRequestThroughRouter(Object(Illuminate/Http/Request))
#56 C:/xampp/htdocs/riskmanagementsystem/risk-management/vendor/laravel/framework/src/Illuminate/Foundation/Application.php(1220): Illuminate/Foundation/Http/Kernel->handle(Object(Illuminate/Http/Request))
#57 C:/xampp/htdocs/riskmanagementsystem/risk-management/public/index.php(20): Illuminate/Foundation/Application->handleRequest(Object(Illuminate/Http/Request))
#58 C:/xampp/htdocs/riskmanagementsystem/risk-management/vendor/laravel/framework/src/Illuminate/Foundation/resources/server.php(23): require_once('C://xampp//htdocs...')
#59 {main}

[previous exception] [object] (ParseError(code: 0): Unclosed '[' on line 118 does not match ')' at C:/xampp/htdocs/riskmanagementsystem/risk-management/storage/framework/views/6395e38908531d2a280c3cad93cb48ed.php:119)
[stacktrace]
#0 C:/xampp/htdocs/riskmanagementsystem/risk-management/vendor/laravel/framework/src/Illuminate/Filesystem/Filesystem.php(124): Illuminate/Filesystem/Filesystem::Illuminate/Filesystem/{closure}()
#1 C:/xampp/htdocs/riskmanagementsystem/risk-management/vendor/laravel/framework/src/Illuminate/View/Engines/PhpEngine.php(58): Illuminate/Filesystem/Filesystem->getRequire('C://xampp//htdocs...', Array)
#2 C:/xampp/htdocs/riskmanagementsystem/risk-management/vendor/laravel/framework/src/Illuminate/View/Engines/CompilerEngine.php(75): Illuminate/View/Engines/PhpEngine->evaluatePath('C://xampp//htdocs...', Array)
#3 C:/xampp/htdocs/riskmanagementsystem/risk-management/vendor/laravel/framework/src/Illuminate/View/View.php(209): Illuminate/View/Engines/CompilerEngine->get('C://xampp//htdocs...', Array)
#4 C:/xampp/htdocs/riskmanagementsystem/risk-management/vendor/laravel/framework/src/Illuminate/View/View.php(192): Illuminate/View/View->getContents()
#5 C:/xampp/htdocs/riskmanagementsystem/risk-management/vendor/laravel/framework/src/Illuminate/View/View.php(161): Illuminate/View/View->renderContents()
#6 C:/xampp/htdocs/riskmanagementsystem/risk-management/vendor/laravel/framework/src/Illuminate/Http/Response.php(79): Illuminate/View/View->render()
#7 C:/xampp/htdocs/riskmanagementsystem/risk-management/vendor/laravel/framework/src/Illuminate/Http/Response.php(35): Illuminate/Http/Response->setContent(Object(Illuminate/View/View))
#8 C:/xampp/htdocs/riskmanagementsystem/risk-management/vendor/laravel/framework/src/Illuminate/Routing/Router.php(920): Illuminate/Http/Response->__construct(Object(Illuminate/View/View), 200, Array)
#9 C:/xampp/htdocs/riskmanagementsystem/risk-management/vendor/laravel/framework/src/Illuminate/Routing/Router.php(887): Illuminate/Routing/Router::toResponse(Object(Illuminate/Http/Request), Object(Illuminate/View/View))
#10 C:/xampp/htdocs/riskmanagementsystem/risk-management/vendor/laravel/framework/src/Illuminate/Routing/Router.php(807): Illuminate/Routing/Router->prepareResponse(Object(Illuminate/Http/Request), Object(Illuminate/View/View))
#11 C:/xampp/htdocs/riskmanagementsystem/risk-management/vendor/laravel/framework/src/Illuminate/Pipeline/Pipeline.php(170): Illuminate/Routing/Router->Illuminate/Routing/{closure}(Object(Illuminate/Http/Request))
#12 C:/xampp/htdocs/riskmanagementsystem/risk-management/vendor/spatie/laravel-permission/src/Middleware/PermissionMiddleware.php(37): Illuminate/Pipeline/Pipeline->Illuminate/Pipeline/{closure}(Object(Illuminate/Http/Request))
#13 C:/xampp/htdocs/riskmanagementsystem/risk-management/vendor/laravel/framework/src/Illuminate/Pipeline/Pipeline.php(209): Spatie/Permission/Middleware/PermissionMiddleware->handle(Object(Illuminate/Http/Request), Object(Closure), 'manage-users')
#14 C:/xampp/htdocs/riskmanagementsystem/risk-management/app/Http/Middleware/SetArabicLocale.php(20): Illuminate/Pipeline/Pipeline->Illuminate/Pipeline/{closure}(Object(Illuminate/Http/Request))
#15 C:/xampp/htdocs/riskmanagementsystem/risk-management/vendor/laravel/framework/src/Illuminate/Pipeline/Pipeline.php(209): App/Http/Middleware/SetArabicLocale->handle(Object(Illuminate/Http/Request), Object(Closure))
#16 C:/xampp/htdocs/riskmanagementsystem/risk-management/vendor/laravel/framework/src/Illuminate/Routing/Middleware/SubstituteBindings.php(51): Illuminate/Pipeline/Pipeline->Illuminate/Pipeline/{closure}(Object(Illuminate/Http/Request))
#17 C:/xampp/htdocs/riskmanagementsystem/risk-management/vendor/laravel/framework/src/Illuminate/Pipeline/Pipeline.php(209): Illuminate/Routing/Middleware/SubstituteBindings->handle(Object(Illuminate/Http/Request), Object(Closure))
#18 C:/xampp/htdocs/riskmanagementsystem/risk-management/vendor/laravel/framework/src/Illuminate/Auth/Middleware/Authenticate.php(64): Illuminate/Pipeline/Pipeline->Illuminate/Pipeline/{closure}(Object(Illuminate/Http/Request))
#19 C:/xampp/htdocs/riskmanagementsystem/risk-management/vendor/laravel/framework/src/Illuminate/Pipeline/Pipeline.php(209): Illuminate/Auth/Middleware/Authenticate->handle(Object(Illuminate/Http/Request), Object(Closure))
#20 C:/xampp/htdocs/riskmanagementsystem/risk-management/vendor/laravel/framework/src/Illuminate/Foundation/Http/Middleware/VerifyCsrfToken.php(88): Illuminate/Pipeline/Pipeline->Illuminate/Pipeline/{closure}(Object(Illuminate/Http/Request))
#21 C:/xampp/htdocs/riskmanagementsystem/risk-management/vendor/laravel/framework/src/Illuminate/Pipeline/Pipeline.php(209): Illuminate/Foundation/Http/Middleware/VerifyCsrfToken->handle(Object(Illuminate/Http/Request), Object(Closure))
#22 C:/xampp/htdocs/riskmanagementsystem/risk-management/vendor/laravel/framework/src/Illuminate/View/Middleware/ShareErrorsFromSession.php(49): Illuminate/Pipeline/Pipeline->Illuminate/Pipeline/{closure}(Object(Illuminate/Http/Request))
#23 C:/xampp/htdocs/riskmanagementsystem/risk-management/vendor/laravel/framework/src/Illuminate/Pipeline/Pipeline.php(209): Illuminate/View/Middleware/ShareErrorsFromSession->handle(Object(Illuminate/Http/Request), Object(Closure))
#24 C:/xampp/htdocs/riskmanagementsystem/risk-management/vendor/laravel/framework/src/Illuminate/Session/Middleware/StartSession.php(121): Illuminate/Pipeline/Pipeline->Illuminate/Pipeline/{closure}(Object(Illuminate/Http/Request))
#25 C:/xampp/htdocs/riskmanagementsystem/risk-management/vendor/laravel/framework/src/Illuminate/Session/Middleware/StartSession.php(64): Illuminate/Session/Middleware/StartSession->handleStatefulRequest(Object(Illuminate/Http/Request), Object(Illuminate/Session/Store), Object(Closure))
#26 C:/xampp/htdocs/riskmanagementsystem/risk-management/vendor/laravel/framework/src/Illuminate/Pipeline/Pipeline.php(209): Illuminate/Session/Middleware/StartSession->handle(Object(Illuminate/Http/Request), Object(Closure))
#27 C:/xampp/htdocs/riskmanagementsystem/risk-management/vendor/laravel/framework/src/Illuminate/Cookie/Middleware/AddQueuedCookiesToResponse.php(37): Illuminate/Pipeline/Pipeline->Illuminate/Pipeline/{closure}(Object(Illuminate/Http/Request))
#28 C:/xampp/htdocs/riskmanagementsystem/risk-management/vendor/laravel/framework/src/Illuminate/Pipeline/Pipeline.php(209): Illuminate/Cookie/Middleware/AddQueuedCookiesToResponse->handle(Object(Illuminate/Http/Request), Object(Closure))
#29 C:/xampp/htdocs/riskmanagementsystem/risk-management/vendor/laravel/framework/src/Illuminate/Cookie/Middleware/EncryptCookies.php(75): Illuminate/Pipeline/Pipeline->Illuminate/Pipeline/{closure}(Object(Illuminate/Http/Request))
#30 C:/xampp/htdocs/riskmanagementsystem/risk-management/vendor/laravel/framework/src/Illuminate/Pipeline/Pipeline.php(209): Illuminate/Cookie/Middleware/EncryptCookies->handle(Object(Illuminate/Http/Request), Object(Closure))
#31 C:/xampp/htdocs/riskmanagementsystem/risk-management/vendor/laravel/framework/src/Illuminate/Pipeline/Pipeline.php(127): Illuminate/Pipeline/Pipeline->Illuminate/Pipeline/{closure}(Object(Illuminate/Http/Request))
#32 C:/xampp/htdocs/riskmanagementsystem/risk-management/vendor/laravel/framework/src/Illuminate/Routing/Router.php(807): Illuminate/Pipeline/Pipeline->then(Object(Closure))
#33 C:/xampp/htdocs/riskmanagementsystem/risk-management/vendor/laravel/framework/src/Illuminate/Routing/Router.php(786): Illuminate/Routing/Router->runRouteWithinStack(Object(Illuminate/Routing/Route), Object(Illuminate/Http/Request))
#34 C:/xampp/htdocs/riskmanagementsystem/risk-management/vendor/laravel/framework/src/Illuminate/Routing/Router.php(750): Illuminate/Routing/Router->runRoute(Object(Illuminate/Http/Request), Object(Illuminate/Routing/Route))
#35 C:/xampp/htdocs/riskmanagementsystem/risk-management/vendor/laravel/framework/src/Illuminate/Routing/Router.php(739): Illuminate/Routing/Router->dispatchToRoute(Object(Illuminate/Http/Request))
#36 C:/xampp/htdocs/riskmanagementsystem/risk-management/vendor/laravel/framework/src/Illuminate/Foundation/Http/Kernel.php(201): Illuminate/Routing/Router->dispatch(Object(Illuminate/Http/Request))
#37 C:/xampp/htdocs/riskmanagementsystem/risk-management/vendor/laravel/framework/src/Illuminate/Pipeline/Pipeline.php(170): Illuminate/Foundation/Http/Kernel->Illuminate/Foundation/Http/{closure}(Object(Illuminate/Http/Request))
#38 C:/xampp/htdocs/riskmanagementsystem/risk-management/vendor/laravel/framework/src/Illuminate/Foundation/Http/Middleware/TransformsRequest.php(21): Illuminate/Pipeline/Pipeline->Illuminate/Pipeline/{closure}(Object(Illuminate/Http/Request))
#39 C:/xampp/htdocs/riskmanagementsystem/risk-management/vendor/laravel/framework/src/Illuminate/Foundation/Http/Middleware/ConvertEmptyStringsToNull.php(31): Illuminate/Foundation/Http/Middleware/TransformsRequest->handle(Object(Illuminate/Http/Request), Object(Closure))
#40 C:/xampp/htdocs/riskmanagementsystem/risk-management/vendor/laravel/framework/src/Illuminate/Pipeline/Pipeline.php(209): Illuminate/Foundation/Http/Middleware/ConvertEmptyStringsToNull->handle(Object(Illuminate/Http/Request), Object(Closure))
#41 C:/xampp/htdocs/riskmanagementsystem/risk-management/vendor/laravel/framework/src/Illuminate/Foundation/Http/Middleware/TransformsRequest.php(21): Illuminate/Pipeline/Pipeline->Illuminate/Pipeline/{closure}(Object(Illuminate/Http/Request))
#42 C:/xampp/htdocs/riskmanagementsystem/risk-management/vendor/laravel/framework/src/Illuminate/Foundation/Http/Middleware/TrimStrings.php(51): Illuminate/Foundation/Http/Middleware/TransformsRequest->handle(Object(Illuminate/Http/Request), Object(Closure))
#43 C:/xampp/htdocs/riskmanagementsystem/risk-management/vendor/laravel/framework/src/Illuminate/Pipeline/Pipeline.php(209): Illuminate/Foundation/Http/Middleware/TrimStrings->handle(Object(Illuminate/Http/Request), Object(Closure))
#44 C:/xampp/htdocs/riskmanagementsystem/risk-management/vendor/laravel/framework/src/Illuminate/Http/Middleware/ValidatePostSize.php(27): Illuminate/Pipeline/Pipeline->Illuminate/Pipeline/{closure}(Object(Illuminate/Http/Request))
#45 C:/xampp/htdocs/riskmanagementsystem/risk-management/vendor/laravel/framework/src/Illuminate/Pipeline/Pipeline.php(209): Illuminate/Http/Middleware/ValidatePostSize->handle(Object(Illuminate/Http/Request), Object(Closure))
#46 C:/xampp/htdocs/riskmanagementsystem/risk-management/vendor/laravel/framework/src/Illuminate/Foundation/Http/Middleware/PreventRequestsDuringMaintenance.php(110): Illuminate/Pipeline/Pipeline->Illuminate/Pipeline/{closure}(Object(Illuminate/Http/Request))
#47 C:/xampp/htdocs/riskmanagementsystem/risk-management/vendor/laravel/framework/src/Illuminate/Pipeline/Pipeline.php(209): Illuminate/Foundation/Http/Middleware/PreventRequestsDuringMaintenance->handle(Object(Illuminate/Http/Request), Object(Closure))
#48 C:/xampp/htdocs/riskmanagementsystem/risk-management/vendor/laravel/framework/src/Illuminate/Http/Middleware/HandleCors.php(49): Illuminate/Pipeline/Pipeline->Illuminate/Pipeline/{closure}(Object(Illuminate/Http/Request))
#49 C:/xampp/htdocs/riskmanagementsystem/risk-management/vendor/laravel/framework/src/Illuminate/Pipeline/Pipeline.php(209): Illuminate/Http/Middleware/HandleCors->handle(Object(Illuminate/Http/Request), Object(Closure))
#50 C:/xampp/htdocs/riskmanagementsystem/risk-management/vendor/laravel/framework/src/Illuminate/Http/Middleware/TrustProxies.php(58): Illuminate/Pipeline/Pipeline->Illuminate/Pipeline/{closure}(Object(Illuminate/Http/Request))
#51 C:/xampp/htdocs/riskmanagementsystem/risk-management/vendor/laravel/framework/src/Illuminate/Pipeline/Pipeline.php(209): Illuminate/Http/Middleware/TrustProxies->handle(Object(Illuminate/Http/Request), Object(Closure))
#52 C:/xampp/htdocs/riskmanagementsystem/risk-management/vendor/laravel/framework/src/Illuminate/Foundation/Http/Middleware/InvokeDeferredCallbacks.php(22): Illuminate/Pipeline/Pipeline->Illuminate/Pipeline/{closure}(Object(Illuminate/Http/Request))
#53 C:/xampp/htdocs/riskmanagementsystem/risk-management/vendor/laravel/framework/src/Illuminate/Pipeline/Pipeline.php(209): Illuminate/Foundation/Http/Middleware/InvokeDeferredCallbacks->handle(Object(Illuminate/Http/Request), Object(Closure))
#54 C:/xampp/htdocs/riskmanagementsystem/risk-management/vendor/laravel/framework/src/Illuminate/Pipeline/Pipeline.php(127): Illuminate/Pipeline/Pipeline->Illuminate/Pipeline/{closure}(Object(Illuminate/Http/Request))
#55 C:/xampp/htdocs/riskmanagementsystem/risk-management/vendor/laravel/framework/src/Illuminate/Foundation/Http/Kernel.php(176): Illuminate/Pipeline/Pipeline->then(Object(Closure))
#56 C:/xampp/htdocs/riskmanagementsystem/risk-management/vendor/laravel/framework/src/Illuminate/Foundation/Http/Kernel.php(145): Illuminate/Foundation/Http/Kernel->sendRequestThroughRouter(Object(Illuminate/Http/Request))
#57 C:/xampp/htdocs/riskmanagementsystem/risk-management/vendor/laravel/framework/src/Illuminate/Foundation/Application.php(1220): Illuminate/Foundation/Http/Kernel->handle(Object(Illuminate/Http/Request))
#58 C:/xampp/htdocs/riskmanagementsystem/risk-management/public/index.php(20): Illuminate/Foundation/Application->handleRequest(Object(Illuminate/Http/Request))
#59 C:/xampp/htdocs/riskmanagementsystem/risk-management/vendor/laravel/framework/src/Illuminate/Foundation/resources/server.php(23): require_once('C://xampp//htdocs...')
#60 {main}
"} 
[2026-09-15 12:26:58] local.ERROR: Unclosed '[' on line 118 does not match ')' (View: C:\xampp\htdocs\riskmanagementsystem\risk-management\resources\views\admin\users\index.blade.php) {"userId":1,"exception":"[object] (Illuminate\\View\\ViewException(code: 0): Unclosed '[' on line 118 does not match ')' (View: C:\\xampp\\htdocs\\riskmanagementsystem\\risk-management\\resources\\views\\admin\\users\\index.blade.php) at C:/xampp/htdocs/riskmanagementsystem/risk-management/storage/framework/views/6395e38908531d2a280c3cad93cb48ed.php:119)
[stacktrace]
#0 C:/xampp/htdocs/riskmanagementsystem/risk-management/vendor/laravel/framework/src/Illuminate/View/Engines/PhpEngine.php(60): Illuminate/View/Engines/CompilerEngine->handleViewException(Object(ParseError), 1)
#1 C:/xampp/htdocs/riskmanagementsystem/risk-management/vendor/laravel/framework/src/Illuminate/View/Engines/CompilerEngine.php(75): Illuminate/View/Engines/PhpEngine->evaluatePath('C://xampp//htdocs...', Array)
#2 C:/xampp/htdocs/riskmanagementsystem/risk-management/vendor/laravel/framework/src/Illuminate/View/View.php(209): Illuminate/View/Engines/CompilerEngine->get('C://xampp//htdocs...', Array)
#3 C:/xampp/htdocs/riskmanagementsystem/risk-management/vendor/laravel/framework/src/Illuminate/View/View.php(192): Illuminate/View/View->getContents()
#4 C:/xampp/htdocs/riskmanagementsystem/risk-management/vendor/laravel/framework/src/Illuminate/View/View.php(161): Illuminate/View/View->renderContents()
#5 C:/xampp/htdocs/riskmanagementsystem/risk-management/vendor/laravel/framework/src/Illuminate/Http/Response.php(79): Illuminate/View/View->render()
#6 C:/xampp/htdocs/riskmanagementsystem/risk-management/vendor/laravel/framework/src/Illuminate/Http/Response.php(35): Illuminate/Http/Response->setContent(Object(Illuminate/View/View))
#7 C:/xampp/htdocs/riskmanagementsystem/risk-management/vendor/laravel/framework/src/Illuminate/Routing/Router.php(920): Illuminate/Http/Response->__construct(Object(Illuminate/View/View), 200, Array)
#8 C:/xampp/htdocs/riskmanagementsystem/risk-management/vendor/laravel/framework/src/Illuminate/Routing/Router.php(887): Illuminate/Routing/Router::toResponse(Object(Illuminate/Http/Request), Object(Illuminate/View/View))
#9 C:/xampp/htdocs/riskmanagementsystem/risk-management/vendor/laravel/framework/src/Illuminate/Routing/Router.php(807): Illuminate/Routing/Router->prepareResponse(Object(Illuminate/Http/Request), Object(Illuminate/View/View))
#10 C:/xampp/htdocs/riskmanagementsystem/risk-management/vendor/laravel/framework/src/Illuminate/Pipeline/Pipeline.php(170): Illuminate/Routing/Router->Illuminate/Routing/{closure}(Object(Illuminate/Http/Request))
#11 C:/xampp/htdocs/riskmanagementsystem/risk-management/vendor/spatie/laravel-permission/src/Middleware/PermissionMiddleware.php(37): Illuminate/Pipeline/Pipeline->Illuminate/Pipeline/{closure}(Object(Illuminate/Http/Request))
#12 C:/xampp/htdocs/riskmanagementsystem/risk-management/vendor/laravel/framework/src/Illuminate/Pipeline/Pipeline.php(209): Spatie/Permission/Middleware/PermissionMiddleware->handle(Object(Illuminate/Http/Request), Object(Closure), 'manage-users')
#13 C:/xampp/htdocs/riskmanagementsystem/risk-management/app/Http/Middleware/SetArabicLocale.php(20): Illuminate/Pipeline/Pipeline->Illuminate/Pipeline/{closure}(Object(Illuminate/Http/Request))
#14 C:/xampp/htdocs/riskmanagementsystem/risk-management/vendor/laravel/framework/src/Illuminate/Pipeline/Pipeline.php(209): App/Http/Middleware/SetArabicLocale->handle(Object(Illuminate/Http/Request), Object(Closure))
#15 C:/xampp/htdocs/riskmanagementsystem/risk-management/vendor/laravel/framework/src/Illuminate/Routing/Middleware/SubstituteBindings.php(51): Illuminate/Pipeline/Pipeline->Illuminate/Pipeline/{closure}(Object(Illuminate/Http/Request))
#16 C:/xampp/htdocs/riskmanagementsystem/risk-management/vendor/laravel/framework/src/Illuminate/Pipeline/Pipeline.php(209): Illuminate/Routing/Middleware/SubstituteBindings->handle(Object(Illuminate/Http/Request), Object(Closure))
#17 C:/xampp/htdocs/riskmanagementsystem/risk-management/vendor/laravel/framework/src/Illuminate/Auth/Middleware/Authenticate.php(64): Illuminate/Pipeline/Pipeline->Illuminate/Pipeline/{closure}(Object(Illuminate/Http/Request))
#18 C:/xampp/htdocs/riskmanagementsystem/risk-management/vendor/laravel/framework/src/Illuminate/Pipeline/Pipeline.php(209): Illuminate/Auth/Middleware/Authenticate->handle(Object(Illuminate/Http/Request), Object(Closure))
#19 C:/xampp/htdocs/riskmanagementsystem/risk-management/vendor/laravel/framework/src/Illuminate/Foundation/Http/Middleware/VerifyCsrfToken.php(88): Illuminate/Pipeline/Pipeline->Illuminate/Pipeline/{closure}(Object(Illuminate/Http/Request))
#20 C:/xampp/htdocs/riskmanagementsystem/risk-management/vendor/laravel/framework/src/Illuminate/Pipeline/Pipeline.php(209): Illuminate/Foundation/Http/Middleware/VerifyCsrfToken->handle(Object(Illuminate/Http/Request), Object(Closure))
#21 C:/xampp/htdocs/riskmanagementsystem/risk-management/vendor/laravel/framework/src/Illuminate/View/Middleware/ShareErrorsFromSession.php(49): Illuminate/Pipeline/Pipeline->Illuminate/Pipeline/{closure}(Object(Illuminate/Http/Request))
#22 C:/xampp/htdocs/riskmanagementsystem/risk-management/vendor/laravel/framework/src/Illuminate/Pipeline/Pipeline.php(209): Illuminate/View/Middleware/ShareErrorsFromSession->handle(Object(Illuminate/Http/Request), Object(Closure))
#23 C:/xampp/htdocs/riskmanagementsystem/risk-management/vendor/laravel/framework/src/Illuminate/Session/Middleware/StartSession.php(121): Illuminate/Pipeline/Pipeline->Illuminate/Pipeline/{closure}(Object(Illuminate/Http/Request))
#24 C:/xampp/htdocs/riskmanagementsystem/risk-management/vendor/laravel/framework/src/Illuminate/Session/Middleware/StartSession.php(64): Illuminate/Session/Middleware/StartSession->handleStatefulRequest(Object(Illuminate/Http/Request), Object(Illuminate/Session/Store), Object(Closure))
#25 C:/xampp/htdocs/riskmanagementsystem/risk-management/vendor/laravel/framework/src/Illuminate/Pipeline/Pipeline.php(209): Illuminate/Session/Middleware/StartSession->handle(Object(Illuminate/Http/Request), Object(Closure))
#26 C:/xampp/htdocs/riskmanagementsystem/risk-management/vendor/laravel/framework/src/Illuminate/Cookie/Middleware/AddQueuedCookiesToResponse.php(37): Illuminate/Pipeline/Pipeline->Illuminate/Pipeline/{closure}(Object(Illuminate/Http/Request))
#27 C:/xampp/htdocs/riskmanagementsystem/risk-management/vendor/laravel/framework/src/Illuminate/Pipeline/Pipeline.php(209): Illuminate/Cookie/Middleware/AddQueuedCookiesToResponse->handle(Object(Illuminate/Http/Request), Object(Closure))
#28 C:/xampp/htdocs/riskmanagementsystem/risk-management/vendor/laravel/framework/src/Illuminate/Cookie/Middleware/EncryptCookies.php(75): Illuminate/Pipeline/Pipeline->Illuminate/Pipeline/{closure}(Object(Illuminate/Http/Request))
#29 C:/xampp/htdocs/riskmanagementsystem/risk-management/vendor/laravel/framework/src/Illuminate/Pipeline/Pipeline.php(209): Illuminate/Cookie/Middleware/EncryptCookies->handle(Object(Illuminate/Http/Request), Object(Closure))
#30 C:/xampp/htdocs/riskmanagementsystem/risk-management/vendor/laravel/framework/src/Illuminate/Pipeline/Pipeline.php(127): Illuminate/Pipeline/Pipeline->Illuminate/Pipeline/{closure}(Object(Illuminate/Http/Request))
#31 C:/xampp/htdocs/riskmanagementsystem/risk-management/vendor/laravel/framework/src/Illuminate/Routing/Router.php(807): Illuminate/Pipeline/Pipeline->then(Object(Closure))
#32 C:/xampp/htdocs/riskmanagementsystem/risk-management/vendor/laravel/framework/src/Illuminate/Routing/Router.php(786): Illuminate/Routing/Router->runRouteWithinStack(Object(Illuminate/Routing/Route), Object(Illuminate/Http/Request))
#33 C:/xampp/htdocs/riskmanagementsystem/risk-management/vendor/laravel/framework/src/Illuminate/Routing/Router.php(750): Illuminate/Routing/Router->runRoute(Object(Illuminate/Http/Request), Object(Illuminate/Routing/Route))
#34 C:/xampp/htdocs/riskmanagementsystem/risk-management/vendor/laravel/framework/src/Illuminate/Routing/Router.php(739): Illuminate/Routing/Router->dispatchToRoute(Object(Illuminate/Http/Request))
#35 C:/xampp/htdocs/riskmanagementsystem/risk-management/vendor/laravel/framework/src/Illuminate/Foundation/Http/Kernel.php(201): Illuminate/Routing/Router->dispatch(Object(Illuminate/Http/Request))
#36 C:/xampp/htdocs/riskmanagementsystem/risk-management/vendor/laravel/framework/src/Illuminate/Pipeline/Pipeline.php(170): Illuminate/Foundation/Http/Kernel->Illuminate/Foundation/Http/{closure}(Object(Illuminate/Http/Request))
#37 C:/xampp/htdocs/riskmanagementsystem/risk-management/vendor/laravel/framework/src/Illuminate/Foundation/Http/Middleware/TransformsRequest.php(21): Illuminate/Pipeline/Pipeline->Illuminate/Pipeline/{closure}(Object(Illuminate/Http/Request))
#38 C:/xampp/htdocs/riskmanagementsystem/risk-management/vendor/laravel/framework/src/Illuminate/Foundation/Http/Middleware/ConvertEmptyStringsToNull.php(31): Illuminate/Foundation/Http/Middleware/TransformsRequest->handle(Object(Illuminate/Http/Request), Object(Closure))
#39 C:/xampp/htdocs/riskmanagementsystem/risk-management/vendor/laravel/framework/src/Illuminate/Pipeline/Pipeline.php(209): Illuminate/Foundation/Http/Middleware/ConvertEmptyStringsToNull->handle(Object(Illuminate/Http/Request), Object(Closure))
#40 C:/xampp/htdocs/riskmanagementsystem/risk-management/vendor/laravel/framework/src/Illuminate/Foundation/Http/Middleware/TransformsRequest.php(21): Illuminate/Pipeline/Pipeline->Illuminate/Pipeline/{closure}(Object(Illuminate/Http/Request))
#41 C:/xampp/htdocs/riskmanagementsystem/risk-management/vendor/laravel/framework/src/Illuminate/Foundation/Http/Middleware/TrimStrings.php(51): Illuminate/Foundation/Http/Middleware/TransformsRequest->handle(Object(Illuminate/Http/Request), Object(Closure))
#42 C:/xampp/htdocs/riskmanagementsystem/risk-management/vendor/laravel/framework/src/Illuminate/Pipeline/Pipeline.php(209): Illuminate/Foundation/Http/Middleware/TrimStrings->handle(Object(Illuminate/Http/Request), Object(Closure))
#43 C:/xampp/htdocs/riskmanagementsystem/risk-management/vendor/laravel/framework/src/Illuminate/Http/Middleware/ValidatePostSize.php(27): Illuminate/Pipeline/Pipeline->Illuminate/Pipeline/{closure}(Object(Illuminate/Http/Request))
#44 C:/xampp/htdocs/riskmanagementsystem/risk-management/vendor/laravel/framework/src/Illuminate/Pipeline/Pipeline.php(209): Illuminate/Http/Middleware/ValidatePostSize->handle(Object(Illuminate/Http/Request), Object(Closure))
#45 C:/xampp/htdocs/riskmanagementsystem/risk-management/vendor/laravel/framework/src/Illuminate/Foundation/Http/Middleware/PreventRequestsDuringMaintenance.php(110): Illuminate/Pipeline/Pipeline->Illuminate/Pipeline/{closure}(Object(Illuminate/Http/Request))
#46 C:/xampp/htdocs/riskmanagementsystem/risk-management/vendor/laravel/framework/src/Illuminate/Pipeline/Pipeline.php(209): Illuminate/Foundation/Http/Middleware/PreventRequestsDuringMaintenance->handle(Object(Illuminate/Http/Request), Object(Closure))
#47 C:/xampp/htdocs/riskmanagementsystem/risk-management/vendor/laravel/framework/src/Illuminate/Http/Middleware/HandleCors.php(49): Illuminate/Pipeline/Pipeline->Illuminate/Pipeline/{closure}(Object(Illuminate/Http/Request))
#48 C:/xampp/htdocs/riskmanagementsystem/risk-management/vendor/laravel/framework/src/Illuminate/Pipeline/Pipeline.php(209): Illuminate/Http/Middleware/HandleCors->handle(Object(Illuminate/Http/Request), Object(Closure))
#49 C:/xampp/htdocs/riskmanagementsystem/risk-management/vendor/laravel/framework/src/Illuminate/Http/Middleware/TrustProxies.php(58): Illuminate/Pipeline/Pipeline->Illuminate/Pipeline/{closure}(Object(Illuminate/Http/Request))
#50 C:/xampp/htdocs/riskmanagementsystem/risk-management/vendor/laravel/framework/src/Illuminate/Pipeline/Pipeline.php(209): Illuminate/Http/Middleware/TrustProxies->handle(Object(Illuminate/Http/Request), Object(Closure))
#51 C:/xampp/htdocs/riskmanagementsystem/risk-management/vendor/laravel/framework/src/Illuminate/Foundation/Http/Middleware/InvokeDeferredCallbacks.php(22): Illuminate/Pipeline/Pipeline->Illuminate/Pipeline/{closure}(Object(Illuminate/Http/Request))
#52 C:/xampp/htdocs/riskmanagementsystem/risk-management/vendor/laravel/framework/src/Illuminate/Pipeline/Pipeline.php(209): Illuminate/Foundation/Http/Middleware/InvokeDeferredCallbacks->handle(Object(Illuminate/Http/Request), Object(Closure))
#53 C:/xampp/htdocs/riskmanagementsystem/risk-management/vendor/laravel/framework/src/Illuminate/Pipeline/Pipeline.php(127): Illuminate/Pipeline/Pipeline->Illuminate/Pipeline/{closure}(Object(Illuminate/Http/Request))
#54 C:/xampp/htdocs/riskmanagementsystem/risk-management/vendor/laravel/framework/src/Illuminate/Foundation/Http/Kernel.php(176): Illuminate/Pipeline/Pipeline->then(Object(Closure))
#55 C:/xampp/htdocs/riskmanagementsystem/risk-management/vendor/laravel/framework/src/Illuminate/Foundation/Http/Kernel.php(145): Illuminate/Foundation/Http/Kernel->sendRequestThroughRouter(Object(Illuminate/Http/Request))
#56 C:/xampp/htdocs/riskmanagementsystem/risk-management/vendor/laravel/framework/src/Illuminate/Foundation/Application.php(1220): Illuminate/Foundation/Http/Kernel->handle(Object(Illuminate/Http/Request))
#57 C:/xampp/htdocs/riskmanagementsystem/risk-management/public/index.php(20): Illuminate/Foundation/Application->handleRequest(Object(Illuminate/Http/Request))
#58 C:/xampp/htdocs/riskmanagementsystem/risk-management/vendor/laravel/framework/src/Illuminate/Foundation/resources/server.php(23): require_once('C://xampp//htdocs...')
#59 {main}

[previous exception] [object] (ParseError(code: 0): Unclosed '[' on line 118 does not match ')' at C:/xampp/htdocs/riskmanagementsystem/risk-management/storage/framework/views/6395e38908531d2a280c3cad93cb48ed.php:119)
[stacktrace]
#0 C:/xampp/htdocs/riskmanagementsystem/risk-management/vendor/laravel/framework/src/Illuminate/Filesystem/Filesystem.php(124): Illuminate/Filesystem/Filesystem::Illuminate/Filesystem/{closure}()
#1 C:/xampp/htdocs/riskmanagementsystem/risk-management/vendor/laravel/framework/src/Illuminate/View/Engines/PhpEngine.php(58): Illuminate/Filesystem/Filesystem->getRequire('C://xampp//htdocs...', Array)
#2 C:/xampp/htdocs/riskmanagementsystem/risk-management/vendor/laravel/framework/src/Illuminate/View/Engines/CompilerEngine.php(75): Illuminate/View/Engines/PhpEngine->evaluatePath('C://xampp//htdocs...', Array)
#3 C:/xampp/htdocs/riskmanagementsystem/risk-management/vendor/laravel/framework/src/Illuminate/View/View.php(209): Illuminate/View/Engines/CompilerEngine->get('C://xampp//htdocs...', Array)
#4 C:/xampp/htdocs/riskmanagementsystem/risk-management/vendor/laravel/framework/src/Illuminate/View/View.php(192): Illuminate/View/View->getContents()
#5 C:/xampp/htdocs/riskmanagementsystem/risk-management/vendor/laravel/framework/src/Illuminate/View/View.php(161): Illuminate/View/View->renderContents()
#6 C:/xampp/htdocs/riskmanagementsystem/risk-management/vendor/laravel/framework/src/Illuminate/Http/Response.php(79): Illuminate/View/View->render()
#7 C:/xampp/htdocs/riskmanagementsystem/risk-management/vendor/laravel/framework/src/Illuminate/Http/Response.php(35): Illuminate/Http/Response->setContent(Object(Illuminate/View/View))
#8 C:/xampp/htdocs/riskmanagementsystem/risk-management/vendor/laravel/framework/src/Illuminate/Routing/Router.php(920): Illuminate/Http/Response->__construct(Object(Illuminate/View/View), 200, Array)
#9 C:/xampp/htdocs/riskmanagementsystem/risk-management/vendor/laravel/framework/src/Illuminate/Routing/Router.php(887): Illuminate/Routing/Router::toResponse(Object(Illuminate/Http/Request), Object(Illuminate/View/View))
#10 C:/xampp/htdocs/riskmanagementsystem/risk-management/vendor/laravel/framework/src/Illuminate/Routing/Router.php(807): Illuminate/Routing/Router->prepareResponse(Object(Illuminate/Http/Request), Object(Illuminate/View/View))
#11 C:/xampp/htdocs/riskmanagementsystem/risk-management/vendor/laravel/framework/src/Illuminate/Pipeline/Pipeline.php(170): Illuminate/Routing/Router->Illuminate/Routing/{closure}(Object(Illuminate/Http/Request))
#12 C:/xampp/htdocs/riskmanagementsystem/risk-management/vendor/spatie/laravel-permission/src/Middleware/PermissionMiddleware.php(37): Illuminate/Pipeline/Pipeline->Illuminate/Pipeline/{closure}(Object(Illuminate/Http/Request))
#13 C:/xampp/htdocs/riskmanagementsystem/risk-management/vendor/laravel/framework/src/Illuminate/Pipeline/Pipeline.php(209): Spatie/Permission/Middleware/PermissionMiddleware->handle(Object(Illuminate/Http/Request), Object(Closure), 'manage-users')
#14 C:/xampp/htdocs/riskmanagementsystem/risk-management/app/Http/Middleware/SetArabicLocale.php(20): Illuminate/Pipeline/Pipeline->Illuminate/Pipeline/{closure}(Object(Illuminate/Http/Request))
#15 C:/xampp/htdocs/riskmanagementsystem/risk-management/vendor/laravel/framework/src/Illuminate/Pipeline/Pipeline.php(209): App/Http/Middleware/SetArabicLocale->handle(Object(Illuminate/Http/Request), Object(Closure))
#16 C:/xampp/htdocs/riskmanagementsystem/risk-management/vendor/laravel/framework/src/Illuminate/Routing/Middleware/SubstituteBindings.php(51): Illuminate/Pipeline/Pipeline->Illuminate/Pipeline/{closure}(Object(Illuminate/Http/Request))
#17 C:/xampp/htdocs/riskmanagementsystem/risk-management/vendor/laravel/framework/src/Illuminate/Pipeline/Pipeline.php(209): Illuminate/Routing/Middleware/SubstituteBindings->handle(Object(Illuminate/Http/Request), Object(Closure))
#18 C:/xampp/htdocs/riskmanagementsystem/risk-management/vendor/laravel/framework/src/Illuminate/Auth/Middleware/Authenticate.php(64): Illuminate/Pipeline/Pipeline->Illuminate/Pipeline/{closure}(Object(Illuminate/Http/Request))
#19 C:/xampp/htdocs/riskmanagementsystem/risk-management/vendor/laravel/framework/src/Illuminate/Pipeline/Pipeline.php(209): Illuminate/Auth/Middleware/Authenticate->handle(Object(Illuminate/Http/Request), Object(Closure))
#20 C:/xampp/htdocs/riskmanagementsystem/risk-management/vendor/laravel/framework/src/Illuminate/Foundation/Http/Middleware/VerifyCsrfToken.php(88): Illuminate/Pipeline/Pipeline->Illuminate/Pipeline/{closure}(Object(Illuminate/Http/Request))
#21 C:/xampp/htdocs/riskmanagementsystem/risk-management/vendor/laravel/framework/src/Illuminate/Pipeline/Pipeline.php(209): Illuminate/Foundation/Http/Middleware/VerifyCsrfToken->handle(Object(Illuminate/Http/Request), Object(Closure))
#22 C:/xampp/htdocs/riskmanagementsystem/risk-management/vendor/laravel/framework/src/Illuminate/View/Middleware/ShareErrorsFromSession.php(49): Illuminate/Pipeline/Pipeline->Illuminate/Pipeline/{closure}(Object(Illuminate/Http/Request))
#23 C:/xampp/htdocs/riskmanagementsystem/risk-management/vendor/laravel/framework/src/Illuminate/Pipeline/Pipeline.php(209): Illuminate/View/Middleware/ShareErrorsFromSession->handle(Object(Illuminate/Http/Request), Object(Closure))
#24 C:/xampp/htdocs/riskmanagementsystem/risk-management/vendor/laravel/framework/src/Illuminate/Session/Middleware/StartSession.php(121): Illuminate/Pipeline/Pipeline->Illuminate/Pipeline/{closure}(Object(Illuminate/Http/Request))
#25 C:/xampp/htdocs/riskmanagementsystem/risk-management/vendor/laravel/framework/src/Illuminate/Session/Middleware/StartSession.php(64): Illuminate/Session/Middleware/StartSession->handleStatefulRequest(Object(Illuminate/Http/Request), Object(Illuminate/Session/Store), Object(Closure))
#26 C:/xampp/htdocs/riskmanagementsystem/risk-management/vendor/laravel/framework/src/Illuminate/Pipeline/Pipeline.php(209): Illuminate/Session/Middleware/StartSession->handle(Object(Illuminate/Http/Request), Object(Closure))
#27 C:/xampp/htdocs/riskmanagementsystem/risk-management/vendor/laravel/framework/src/Illuminate/Cookie/Middleware/AddQueuedCookiesToResponse.php(37): Illuminate/Pipeline/Pipeline->Illuminate/Pipeline/{closure}(Object(Illuminate/Http/Request))
#28 C:/xampp/htdocs/riskmanagementsystem/risk-management/vendor/laravel/framework/src/Illuminate/Pipeline/Pipeline.php(209): Illuminate/Cookie/Middleware/AddQueuedCookiesToResponse->handle(Object(Illuminate/Http/Request), Object(Closure))
#29 C:/xampp/htdocs/riskmanagementsystem/risk-management/vendor/laravel/framework/src/Illuminate/Cookie/Middleware/EncryptCookies.php(75): Illuminate/Pipeline/Pipeline->Illuminate/Pipeline/{closure}(Object(Illuminate/Http/Request))
#30 C:/xampp/htdocs/riskmanagementsystem/risk-management/vendor/laravel/framework/src/Illuminate/Pipeline/Pipeline.php(209): Illuminate/Cookie/Middleware/EncryptCookies->handle(Object(Illuminate/Http/Request), Object(Closure))
#31 C:/xampp/htdocs/riskmanagementsystem/risk-management/vendor/laravel/framework/src/Illuminate/Pipeline/Pipeline.php(127): Illuminate/Pipeline/Pipeline->Illuminate/Pipeline/{closure}(Object(Illuminate/Http/Request))
#32 C:/xampp/htdocs/riskmanagementsystem/risk-management/vendor/laravel/framework/src/Illuminate/Routing/Router.php(807): Illuminate/Pipeline/Pipeline->then(Object(Closure))
#33 C:/xampp/htdocs/riskmanagementsystem/risk-management/vendor/laravel/framework/src/Illuminate/Routing/Router.php(786): Illuminate/Routing/Router->runRouteWithinStack(Object(Illuminate/Routing/Route), Object(Illuminate/Http/Request))
#34 C:/xampp/htdocs/riskmanagementsystem/risk-management/vendor/laravel/framework/src/Illuminate/Routing/Router.php(750): Illuminate/Routing/Router->runRoute(Object(Illuminate/Http/Request), Object(Illuminate/Routing/Route))
#35 C:/xampp/htdocs/riskmanagementsystem/risk-management/vendor/laravel/framework/src/Illuminate/Routing/Router.php(739): Illuminate/Routing/Router->dispatchToRoute(Object(Illuminate/Http/Request))
#36 C:/xampp/htdocs/riskmanagementsystem/risk-management/vendor/laravel/framework/src/Illuminate/Foundation/Http/Kernel.php(201): Illuminate/Routing/Router->dispatch(Object(Illuminate/Http/Request))
#37 C:/xampp/htdocs/riskmanagementsystem/risk-management/vendor/laravel/framework/src/Illuminate/Pipeline/Pipeline.php(170): Illuminate/Foundation/Http/Kernel->Illuminate/Foundation/Http/{closure}(Object(Illuminate/Http/Request))
#38 C:/xampp/htdocs/riskmanagementsystem/risk-management/vendor/laravel/framework/src/Illuminate/Foundation/Http/Middleware/TransformsRequest.php(21): Illuminate/Pipeline/Pipeline->Illuminate/Pipeline/{closure}(Object(Illuminate/Http/Request))
#39 C:/xampp/htdocs/riskmanagementsystem/risk-management/vendor/laravel/framework/src/Illuminate/Foundation/Http/Middleware/ConvertEmptyStringsToNull.php(31): Illuminate/Foundation/Http/Middleware/TransformsRequest->handle(Object(Illuminate/Http/Request), Object(Closure))
#40 C:/xampp/htdocs/riskmanagementsystem/risk-management/vendor/laravel/framework/src/Illuminate/Pipeline/Pipeline.php(209): Illuminate/Foundation/Http/Middleware/ConvertEmptyStringsToNull->handle(Object(Illuminate/Http/Request), Object(Closure))
#41 C:/xampp/htdocs/riskmanagementsystem/risk-management/vendor/laravel/framework/src/Illuminate/Foundation/Http/Middleware/TransformsRequest.php(21): Illuminate/Pipeline/Pipeline->Illuminate/Pipeline/{closure}(Object(Illuminate/Http/Request))
#42 C:/xampp/htdocs/riskmanagementsystem/risk-management/vendor/laravel/framework/src/Illuminate/Foundation/Http/Middleware/TrimStrings.php(51): Illuminate/Foundation/Http/Middleware/TransformsRequest->handle(Object(Illuminate/Http/Request), Object(Closure))
#43 C:/xampp/htdocs/riskmanagementsystem/risk-management/vendor/laravel/framework/src/Illuminate/Pipeline/Pipeline.php(209): Illuminate/Foundation/Http/Middleware/TrimStrings->handle(Object(Illuminate/Http/Request), Object(Closure))
#44 C:/xampp/htdocs/riskmanagementsystem/risk-management/vendor/laravel/framework/src/Illuminate/Http/Middleware/ValidatePostSize.php(27): Illuminate/Pipeline/Pipeline->Illuminate/Pipeline/{closure}(Object(Illuminate/Http/Request))
#45 C:/xampp/htdocs/riskmanagementsystem/risk-management/vendor/laravel/framework/src/Illuminate/Pipeline/Pipeline.php(209): Illuminate/Http/Middleware/ValidatePostSize->handle(Object(Illuminate/Http/Request), Object(Closure))
#46 C:/xampp/htdocs/riskmanagementsystem/risk-management/vendor/laravel/framework/src/Illuminate/Foundation/Http/Middleware/PreventRequestsDuringMaintenance.php(110): Illuminate/Pipeline/Pipeline->Illuminate/Pipeline/{closure}(Object(Illuminate/Http/Request))
#47 C:/xampp/htdocs/riskmanagementsystem/risk-management/vendor/laravel/framework/src/Illuminate/Pipeline/Pipeline.php(209): Illuminate/Foundation/Http/Middleware/PreventRequestsDuringMaintenance->handle(Object(Illuminate/Http/Request), Object(Closure))
#48 C:/xampp/htdocs/riskmanagementsystem/risk-management/vendor/laravel/framework/src/Illuminate/Http/Middleware/HandleCors.php(49): Illuminate/Pipeline/Pipeline->Illuminate/Pipeline/{closure}(Object(Illuminate/Http/Request))
#49 C:/xampp/htdocs/riskmanagementsystem/risk-management/vendor/laravel/framework/src/Illuminate/Pipeline/Pipeline.php(209): Illuminate/Http/Middleware/HandleCors->handle(Object(Illuminate/Http/Request), Object(Closure))
#50 C:/xampp/htdocs/riskmanagementsystem/risk-management/vendor/laravel/framework/src/Illuminate/Http/Middleware/TrustProxies.php(58): Illuminate/Pipeline/Pipeline->Illuminate/Pipeline/{closure}(Object(Illuminate/Http/Request))
#51 C:/xampp/htdocs/riskmanagementsystem/risk-management/vendor/laravel/framework/src/Illuminate/Pipeline/Pipeline.php(209): Illuminate/Http/Middleware/TrustProxies->handle(Object(Illuminate/Http/Request), Object(Closure))
#52 C:/xampp/htdocs/riskmanagementsystem/risk-management/vendor/laravel/framework/src/Illuminate/Foundation/Http/Middleware/InvokeDeferredCallbacks.php(22): Illuminate/Pipeline/Pipeline->Illuminate/Pipeline/{closure}(Object(Illuminate/Http/Request))
#53 C:/xampp/htdocs/riskmanagementsystem/risk-management/vendor/laravel/framework/src/Illuminate/Pipeline/Pipeline.php(209): Illuminate/Foundation/Http/Middleware/InvokeDeferredCallbacks->handle(Object(Illuminate/Http/Request), Object(Closure))
#54 C:/xampp/htdocs/riskmanagementsystem/risk-management/vendor/laravel/framework/src/Illuminate/Pipeline/Pipeline.php(127): Illuminate/Pipeline/Pipeline->Illuminate/Pipeline/{closure}(Object(Illuminate/Http/Request))
#55 C:/xampp/htdocs/riskmanagementsystem/risk-management/vendor/laravel/framework/src/Illuminate/Foundation/Http/Kernel.php(176): Illuminate/Pipeline/Pipeline->then(Object(Closure))
#56 C:/xampp/htdocs/riskmanagementsystem/risk-management/vendor/laravel/framework/src/Illuminate/Foundation/Http/Kernel.php(145): Illuminate/Foundation/Http/Kernel->sendRequestThroughRouter(Object(Illuminate/Http/Request))
#57 C:/xampp/htdocs/riskmanagementsystem/risk-management/vendor/laravel/framework/src/Illuminate/Foundation/Application.php(1220): Illuminate/Foundation/Http/Kernel->handle(Object(Illuminate/Http/Request))
#58 C:/xampp/htdocs/riskmanagementsystem/risk-management/public/index.php(20): Illuminate/Foundation/Application->handleRequest(Object(Illuminate/Http/Request))
#59 C:/xampp/htdocs/riskmanagementsystem/risk-management/vendor/laravel/framework/src/Illuminate/Foundation/resources/server.php(23): require_once('C://xampp//htdocs...')
#60 {main}
"} 
[2026-09-16 08:30:44] local.ERROR: Error Code    : 904
Error Message : ORA-00904: "DOMAIN_USERNAME": invalid identifier
Help: https://docs.oracle.com/error-help/db/ora-00904/
Position      : 43
Statement     : select * from (select * from "USERS" where "DOMAIN_USERNAME" = :p0) where rownum = 1
Bindings      : [nadine.essam]
 (Connection: oracle, SQL: select * from (select * from "USERS" where "DOMAIN_USERNAME" = nadine.essam) where rownum = 1) {"exception":"[object] (Illuminate\\Database\\QueryException(code: 904): Error Code    : 904

Error Message : ORA-00904: \"DOMAIN_USERNAME\": invalid identifier
Help: https://docs.oracle.com/error-help/db/ora-00904/

Position      : 43

Statement     : select * from (select * from \"USERS\" where \"DOMAIN_USERNAME\" = :p0) where rownum = 1

Bindings      : [nadine.essam]

 (Connection: oracle, SQL: select * from (select * from \"USERS\" where \"DOMAIN_USERNAME\" = nadine.essam) where rownum = 1) at C:/xampp/htdocs/riskmanagementsystem/risk-management/vendor/laravel/framework/src/Illuminate/Database/Connection.php:825)
[stacktrace]
#0 C:/xampp/htdocs/riskmanagementsystem/risk-management/vendor/laravel/framework/src/Illuminate/Database/Connection.php(779): Illuminate/Database/Connection->runQueryCallback('select * from (...', Array, Object(Closure))
#1 C:/xampp/htdocs/riskmanagementsystem/risk-management/vendor/laravel/framework/src/Illuminate/Database/Connection.php(398): Illuminate/Database/Connection->run('select * from (...', Array, Object(Closure))
#2 C:/xampp/htdocs/riskmanagementsystem/risk-management/vendor/yajra/laravel-oci8/src/Oci8/Query/OracleBuilder.php(159): Illuminate/Database/Connection->select('select * from (...', Array, true)
#3 C:/xampp/htdocs/riskmanagementsystem/risk-management/vendor/laravel/framework/src/Illuminate/Database/Query/Builder.php(3091): Yajra/Oci8/Query/OracleBuilder->runSelect()
#4 C:/xampp/htdocs/riskmanagementsystem/risk-management/vendor/laravel/framework/src/Illuminate/Database/Query/Builder.php(3676): Illuminate/Database/Query/Builder->Illuminate/Database/Query/{closure}()
#5 C:/xampp/htdocs/riskmanagementsystem/risk-management/vendor/laravel/framework/src/Illuminate/Database/Query/Builder.php(3090): Illuminate/Database/Query/Builder->onceWithColumns(Array, Object(Closure))
#6 C:/xampp/htdocs/riskmanagementsystem/risk-management/vendor/laravel/framework/src/Illuminate/Database/Eloquent/Builder.php(811): Illuminate/Database/Query/Builder->get(Array)
#7 C:/xampp/htdocs/riskmanagementsystem/risk-management/vendor/laravel/framework/src/Illuminate/Database/Eloquent/Builder.php(793): Illuminate/Database/Eloquent/Builder->getModels(Array)
#8 C:/xampp/htdocs/riskmanagementsystem/risk-management/vendor/laravel/framework/src/Illuminate/Database/Concerns/BuildsQueries.php(343): Illuminate/Database/Eloquent/Builder->get(Array)
#9 C:/xampp/htdocs/riskmanagementsystem/risk-management/app/Http/Controllers/Auth/LoginController.php(38): Illuminate/Database/Eloquent/Builder->first()
#10 C:/xampp/htdocs/riskmanagementsystem/risk-management/vendor/laravel/framework/src/Illuminate/Routing/ControllerDispatcher.php(47): App/Http/Controllers/Auth/LoginController->store(Object(Illuminate/Http/Request))
#11 C:/xampp/htdocs/riskmanagementsystem/risk-management/vendor/laravel/framework/src/Illuminate/Routing/Route.php(266): Illuminate/Routing/ControllerDispatcher->dispatch(Object(Illuminate/Routing/Route), Object(App/Http/Controllers/Auth/LoginController), 'store')
#12 C:/xampp/htdocs/riskmanagementsystem/risk-management/vendor/laravel/framework/src/Illuminate/Routing/Route.php(212): Illuminate/Routing/Route->runController()
#13 C:/xampp/htdocs/riskmanagementsystem/risk-management/vendor/laravel/framework/src/Illuminate/Routing/Router.php(808): Illuminate/Routing/Route->run()
#14 C:/xampp/htdocs/riskmanagementsystem/risk-management/vendor/laravel/framework/src/Illuminate/Pipeline/Pipeline.php(170): Illuminate/Routing/Router->Illuminate/Routing/{closure}(Object(Illuminate/Http/Request))
#15 C:/xampp/htdocs/riskmanagementsystem/risk-management/vendor/laravel/framework/src/Illuminate/Auth/Middleware/RedirectIfAuthenticated.php(35): Illuminate/Pipeline/Pipeline->Illuminate/Pipeline/{closure}(Object(Illuminate/Http/Request))
#16 C:/xampp/htdocs/riskmanagementsystem/risk-management/vendor/laravel/framework/src/Illuminate/Pipeline/Pipeline.php(209): Illuminate/Auth/Middleware/RedirectIfAuthenticated->handle(Object(Illuminate/Http/Request), Object(Closure))
#17 C:/xampp/htdocs/riskmanagementsystem/risk-management/app/Http/Middleware/SetArabicLocale.php(20): Illuminate/Pipeline/Pipeline->Illuminate/Pipeline/{closure}(Object(Illuminate/Http/Request))
#18 C:/xampp/htdocs/riskmanagementsystem/risk-management/vendor/laravel/framework/src/Illuminate/Pipeline/Pipeline.php(209): App/Http/Middleware/SetArabicLocale->handle(Object(Illuminate/Http/Request), Object(Closure))
#19 C:/xampp/htdocs/riskmanagementsystem/risk-management/vendor/laravel/framework/src/Illuminate/Routing/Middleware/SubstituteBindings.php(51): Illuminate/Pipeline/Pipeline->Illuminate/Pipeline/{closure}(Object(Illuminate/Http/Request))
#20 C:/xampp/htdocs/riskmanagementsystem/risk-management/vendor/laravel/framework/src/Illuminate/Pipeline/Pipeline.php(209): Illuminate/Routing/Middleware/SubstituteBindings->handle(Object(Illuminate/Http/Request), Object(Closure))
#21 C:/xampp/htdocs/riskmanagementsystem/risk-management/vendor/laravel/framework/src/Illuminate/Foundation/Http/Middleware/VerifyCsrfToken.php(88): Illuminate/Pipeline/Pipeline->Illuminate/Pipeline/{closure}(Object(Illuminate/Http/Request))
#22 C:/xampp/htdocs/riskmanagementsystem/risk-management/vendor/laravel/framework/src/Illuminate/Pipeline/Pipeline.php(209): Illuminate/Foundation/Http/Middleware/VerifyCsrfToken->handle(Object(Illuminate/Http/Request), Object(Closure))
#23 C:/xampp/htdocs/riskmanagementsystem/risk-management/vendor/laravel/framework/src/Illuminate/View/Middleware/ShareErrorsFromSession.php(49): Illuminate/Pipeline/Pipeline->Illuminate/Pipeline/{closure}(Object(Illuminate/Http/Request))
#24 C:/xampp/htdocs/riskmanagementsystem/risk-management/vendor/laravel/framework/src/Illuminate/Pipeline/Pipeline.php(209): Illuminate/View/Middleware/ShareErrorsFromSession->handle(Object(Illuminate/Http/Request), Object(Closure))
#25 C:/xampp/htdocs/riskmanagementsystem/risk-management/vendor/laravel/framework/src/Illuminate/Session/Middleware/StartSession.php(121): Illuminate/Pipeline/Pipeline->Illuminate/Pipeline/{closure}(Object(Illuminate/Http/Request))
#26 C:/xampp/htdocs/riskmanagementsystem/risk-management/vendor/laravel/framework/src/Illuminate/Session/Middleware/StartSession.php(64): Illuminate/Session/Middleware/StartSession->handleStatefulRequest(Object(Illuminate/Http/Request), Object(Illuminate/Session/Store), Object(Closure))
#27 C:/xampp/htdocs/riskmanagementsystem/risk-management/vendor/laravel/framework/src/Illuminate/Pipeline/Pipeline.php(209): Illuminate/Session/Middleware/StartSession->handle(Object(Illuminate/Http/Request), Object(Closure))
#28 C:/xampp/htdocs/riskmanagementsystem/risk-management/vendor/laravel/framework/src/Illuminate/Cookie/Middleware/AddQueuedCookiesToResponse.php(37): Illuminate/Pipeline/Pipeline->Illuminate/Pipeline/{closure}(Object(Illuminate/Http/Request))
#29 C:/xampp/htdocs/riskmanagementsystem/risk-management/vendor/laravel/framework/src/Illuminate/Pipeline/Pipeline.php(209): Illuminate/Cookie/Middleware/AddQueuedCookiesToResponse->handle(Object(Illuminate/Http/Request), Object(Closure))
#30 C:/xampp/htdocs/riskmanagementsystem/risk-management/vendor/laravel/framework/src/Illuminate/Cookie/Middleware/EncryptCookies.php(75): Illuminate/Pipeline/Pipeline->Illuminate/Pipeline/{closure}(Object(Illuminate/Http/Request))
#31 C:/xampp/htdocs/riskmanagementsystem/risk-management/vendor/laravel/framework/src/Illuminate/Pipeline/Pipeline.php(209): Illuminate/Cookie/Middleware/EncryptCookies->handle(Object(Illuminate/Http/Request), Object(Closure))
#32 C:/xampp/htdocs/riskmanagementsystem/risk-management/vendor/laravel/framework/src/Illuminate/Pipeline/Pipeline.php(127): Illuminate/Pipeline/Pipeline->Illuminate/Pipeline/{closure}(Object(Illuminate/Http/Request))
#33 C:/xampp/htdocs/riskmanagementsystem/risk-management/vendor/laravel/framework/src/Illuminate/Routing/Router.php(807): Illuminate/Pipeline/Pipeline->then(Object(Closure))
#34 C:/xampp/htdocs/riskmanagementsystem/risk-management/vendor/laravel/framework/src/Illuminate/Routing/Router.php(786): Illuminate/Routing/Router->runRouteWithinStack(Object(Illuminate/Routing/Route), Object(Illuminate/Http/Request))
#35 C:/xampp/htdocs/riskmanagementsystem/risk-management/vendor/laravel/framework/src/Illuminate/Routing/Router.php(750): Illuminate/Routing/Router->runRoute(Object(Illuminate/Http/Request), Object(Illuminate/Routing/Route))
#36 C:/xampp/htdocs/riskmanagementsystem/risk-management/vendor/laravel/framework/src/Illuminate/Routing/Router.php(739): Illuminate/Routing/Router->dispatchToRoute(Object(Illuminate/Http/Request))
#37 C:/xampp/htdocs/riskmanagementsystem/risk-management/vendor/laravel/framework/src/Illuminate/Foundation/Http/Kernel.php(201): Illuminate/Routing/Router->dispatch(Object(Illuminate/Http/Request))
#38 C:/xampp/htdocs/riskmanagementsystem/risk-management/vendor/laravel/framework/src/Illuminate/Pipeline/Pipeline.php(170): Illuminate/Foundation/Http/Kernel->Illuminate/Foundation/Http/{closure}(Object(Illuminate/Http/Request))
#39 C:/xampp/htdocs/riskmanagementsystem/risk-management/vendor/laravel/framework/src/Illuminate/Foundation/Http/Middleware/TransformsRequest.php(21): Illuminate/Pipeline/Pipeline->Illuminate/Pipeline/{closure}(Object(Illuminate/Http/Request))
#40 C:/xampp/htdocs/riskmanagementsystem/risk-management/vendor/laravel/framework/src/Illuminate/Foundation/Http/Middleware/ConvertEmptyStringsToNull.php(31): Illuminate/Foundation/Http/Middleware/TransformsRequest->handle(Object(Illuminate/Http/Request), Object(Closure))
#41 C:/xampp/htdocs/riskmanagementsystem/risk-management/vendor/laravel/framework/src/Illuminate/Pipeline/Pipeline.php(209): Illuminate/Foundation/Http/Middleware/ConvertEmptyStringsToNull->handle(Object(Illuminate/Http/Request), Object(Closure))
#42 C:/xampp/htdocs/riskmanagementsystem/risk-management/vendor/laravel/framework/src/Illuminate/Foundation/Http/Middleware/TransformsRequest.php(21): Illuminate/Pipeline/Pipeline->Illuminate/Pipeline/{closure}(Object(Illuminate/Http/Request))
#43 C:/xampp/htdocs/riskmanagementsystem/risk-management/vendor/laravel/framework/src/Illuminate/Foundation/Http/Middleware/TrimStrings.php(51): Illuminate/Foundation/Http/Middleware/TransformsRequest->handle(Object(Illuminate/Http/Request), Object(Closure))
#44 C:/xampp/htdocs/riskmanagementsystem/risk-management/vendor/laravel/framework/src/Illuminate/Pipeline/Pipeline.php(209): Illuminate/Foundation/Http/Middleware/TrimStrings->handle(Object(Illuminate/Http/Request), Object(Closure))
#45 C:/xampp/htdocs/riskmanagementsystem/risk-management/vendor/laravel/framework/src/Illuminate/Http/Middleware/ValidatePostSize.php(27): Illuminate/Pipeline/Pipeline->Illuminate/Pipeline/{closure}(Object(Illuminate/Http/Request))
#46 C:/xampp/htdocs/riskmanagementsystem/risk-management/vendor/laravel/framework/src/Illuminate/Pipeline/Pipeline.php(209): Illuminate/Http/Middleware/ValidatePostSize->handle(Object(Illuminate/Http/Request), Object(Closure))
#47 C:/xampp/htdocs/riskmanagementsystem/risk-management/vendor/laravel/framework/src/Illuminate/Foundation/Http/Middleware/PreventRequestsDuringMaintenance.php(110): Illuminate/Pipeline/Pipeline->Illuminate/Pipeline/{closure}(Object(Illuminate/Http/Request))
#48 C:/xampp/htdocs/riskmanagementsystem/risk-management/vendor/laravel/framework/src/Illuminate/Pipeline/Pipeline.php(209): Illuminate/Foundation/Http/Middleware/PreventRequestsDuringMaintenance->handle(Object(Illuminate/Http/Request), Object(Closure))
#49 C:/xampp/htdocs/riskmanagementsystem/risk-management/vendor/laravel/framework/src/Illuminate/Http/Middleware/HandleCors.php(49): Illuminate/Pipeline/Pipeline->Illuminate/Pipeline/{closure}(Object(Illuminate/Http/Request))
#50 C:/xampp/htdocs/riskmanagementsystem/risk-management/vendor/laravel/framework/src/Illuminate/Pipeline/Pipeline.php(209): Illuminate/Http/Middleware/HandleCors->handle(Object(Illuminate/Http/Request), Object(Closure))
#51 C:/xampp/htdocs/riskmanagementsystem/risk-management/vendor/laravel/framework/src/Illuminate/Http/Middleware/TrustProxies.php(58): Illuminate/Pipeline/Pipeline->Illuminate/Pipeline/{closure}(Object(Illuminate/Http/Request))
#52 C:/xampp/htdocs/riskmanagementsystem/risk-management/vendor/laravel/framework/src/Illuminate/Pipeline/Pipeline.php(209): Illuminate/Http/Middleware/TrustProxies->handle(Object(Illuminate/Http/Request), Object(Closure))
#53 C:/xampp/htdocs/riskmanagementsystem/risk-management/vendor/laravel/framework/src/Illuminate/Foundation/Http/Middleware/InvokeDeferredCallbacks.php(22): Illuminate/Pipeline/Pipeline->Illuminate/Pipeline/{closure}(Object(Illuminate/Http/Request))
#54 C:/xampp/htdocs/riskmanagementsystem/risk-management/vendor/laravel/framework/src/Illuminate/Pipeline/Pipeline.php(209): Illuminate/Foundation/Http/Middleware/InvokeDeferredCallbacks->handle(Object(Illuminate/Http/Request), Object(Closure))
#55 C:/xampp/htdocs/riskmanagementsystem/risk-management/vendor/laravel/framework/src/Illuminate/Pipeline/Pipeline.php(127): Illuminate/Pipeline/Pipeline->Illuminate/Pipeline/{closure}(Object(Illuminate/Http/Request))
#56 C:/xampp/htdocs/riskmanagementsystem/risk-management/vendor/laravel/framework/src/Illuminate/Foundation/Http/Kernel.php(176): Illuminate/Pipeline/Pipeline->then(Object(Closure))
#57 C:/xampp/htdocs/riskmanagementsystem/risk-management/vendor/laravel/framework/src/Illuminate/Foundation/Http/Kernel.php(145): Illuminate/Foundation/Http/Kernel->sendRequestThroughRouter(Object(Illuminate/Http/Request))
#58 C:/xampp/htdocs/riskmanagementsystem/risk-management/vendor/laravel/framework/src/Illuminate/Foundation/Application.php(1220): Illuminate/Foundation/Http/Kernel->handle(Object(Illuminate/Http/Request))
#59 C:/xampp/htdocs/riskmanagementsystem/risk-management/public/index.php(20): Illuminate/Foundation/Application->handleRequest(Object(Illuminate/Http/Request))
#60 C:/xampp/htdocs/riskmanagementsystem/risk-management/vendor/laravel/framework/src/Illuminate/Foundation/resources/server.php(23): require_once('C://xampp//htdocs...')
#61 {main}

[previous exception] [object] (Yajra\\Pdo\\Oci8\\Exceptions\\Oci8Exception(code: 904): Error Code    : 904

Error Message : ORA-00904: \"DOMAIN_USERNAME\": invalid identifier
Help: https://docs.oracle.com/error-help/db/ora-00904/

Position      : 43

Statement     : select * from (select * from \"USERS\" where \"DOMAIN_USERNAME\" = :p0) where rownum = 1

Bindings      : [nadine.essam]

 at C:/xampp/htdocs/riskmanagementsystem/risk-management/vendor/yajra/laravel-pdo-via-oci8/src/Pdo/Oci8/Statement.php:798)
[stacktrace]
#0 C:/xampp/htdocs/riskmanagementsystem/risk-management/vendor/laravel/framework/src/Illuminate/Database/Connection.php(412): Yajra/Pdo/Oci8/Statement->execute()
#1 C:/xampp/htdocs/riskmanagementsystem/risk-management/vendor/laravel/framework/src/Illuminate/Database/Connection.php(812): Illuminate/Database/Connection->Illuminate/Database/{closure}('select * from (...', Array)
#2 C:/xampp/htdocs/riskmanagementsystem/risk-management/vendor/laravel/framework/src/Illuminate/Database/Connection.php(779): Illuminate/Database/Connection->runQueryCallback('select * from (...', Array, Object(Closure))
#3 C:/xampp/htdocs/riskmanagementsystem/risk-management/vendor/laravel/framework/src/Illuminate/Database/Connection.php(398): Illuminate/Database/Connection->run('select * from (...', Array, Object(Closure))
#4 C:/xampp/htdocs/riskmanagementsystem/risk-management/vendor/yajra/laravel-oci8/src/Oci8/Query/OracleBuilder.php(159): Illuminate/Database/Connection->select('select * from (...', Array, true)
#5 C:/xampp/htdocs/riskmanagementsystem/risk-management/vendor/laravel/framework/src/Illuminate/Database/Query/Builder.php(3091): Yajra/Oci8/Query/OracleBuilder->runSelect()
#6 C:/xampp/htdocs/riskmanagementsystem/risk-management/vendor/laravel/framework/src/Illuminate/Database/Query/Builder.php(3676): Illuminate/Database/Query/Builder->Illuminate/Database/Query/{closure}()
#7 C:/xampp/htdocs/riskmanagementsystem/risk-management/vendor/laravel/framework/src/Illuminate/Database/Query/Builder.php(3090): Illuminate/Database/Query/Builder->onceWithColumns(Array, Object(Closure))
#8 C:/xampp/htdocs/riskmanagementsystem/risk-management/vendor/laravel/framework/src/Illuminate/Database/Eloquent/Builder.php(811): Illuminate/Database/Query/Builder->get(Array)
#9 C:/xampp/htdocs/riskmanagementsystem/risk-management/vendor/laravel/framework/src/Illuminate/Database/Eloquent/Builder.php(793): Illuminate/Database/Eloquent/Builder->getModels(Array)
#10 C:/xampp/htdocs/riskmanagementsystem/risk-management/vendor/laravel/framework/src/Illuminate/Database/Concerns/BuildsQueries.php(343): Illuminate/Database/Eloquent/Builder->get(Array)
#11 C:/xampp/htdocs/riskmanagementsystem/risk-management/app/Http/Controllers/Auth/LoginController.php(38): Illuminate/Database/Eloquent/Builder->first()
#12 C:/xampp/htdocs/riskmanagementsystem/risk-management/vendor/laravel/framework/src/Illuminate/Routing/ControllerDispatcher.php(47): App/Http/Controllers/Auth/LoginController->store(Object(Illuminate/Http/Request))
#13 C:/xampp/htdocs/riskmanagementsystem/risk-management/vendor/laravel/framework/src/Illuminate/Routing/Route.php(266): Illuminate/Routing/ControllerDispatcher->dispatch(Object(Illuminate/Routing/Route), Object(App/Http/Controllers/Auth/LoginController), 'store')
#14 C:/xampp/htdocs/riskmanagementsystem/risk-management/vendor/laravel/framework/src/Illuminate/Routing/Route.php(212): Illuminate/Routing/Route->runController()
#15 C:/xampp/htdocs/riskmanagementsystem/risk-management/vendor/laravel/framework/src/Illuminate/Routing/Router.php(808): Illuminate/Routing/Route->run()
#16 C:/xampp/htdocs/riskmanagementsystem/risk-management/vendor/laravel/framework/src/Illuminate/Pipeline/Pipeline.php(170): Illuminate/Routing/Router->Illuminate/Routing/{closure}(Object(Illuminate/Http/Request))
#17 C:/xampp/htdocs/riskmanagementsystem/risk-management/vendor/laravel/framework/src/Illuminate/Auth/Middleware/RedirectIfAuthenticated.php(35): Illuminate/Pipeline/Pipeline->Illuminate/Pipeline/{closure}(Object(Illuminate/Http/Request))
#18 C:/xampp/htdocs/riskmanagementsystem/risk-management/vendor/laravel/framework/src/Illuminate/Pipeline/Pipeline.php(209): Illuminate/Auth/Middleware/RedirectIfAuthenticated->handle(Object(Illuminate/Http/Request), Object(Closure))
#19 C:/xampp/htdocs/riskmanagementsystem/risk-management/app/Http/Middleware/SetArabicLocale.php(20): Illuminate/Pipeline/Pipeline->Illuminate/Pipeline/{closure}(Object(Illuminate/Http/Request))
#20 C:/xampp/htdocs/riskmanagementsystem/risk-management/vendor/laravel/framework/src/Illuminate/Pipeline/Pipeline.php(209): App/Http/Middleware/SetArabicLocale->handle(Object(Illuminate/Http/Request), Object(Closure))
#21 C:/xampp/htdocs/riskmanagementsystem/risk-management/vendor/laravel/framework/src/Illuminate/Routing/Middleware/SubstituteBindings.php(51): Illuminate/Pipeline/Pipeline->Illuminate/Pipeline/{closure}(Object(Illuminate/Http/Request))
#22 C:/xampp/htdocs/riskmanagementsystem/risk-management/vendor/laravel/framework/src/Illuminate/Pipeline/Pipeline.php(209): Illuminate/Routing/Middleware/SubstituteBindings->handle(Object(Illuminate/Http/Request), Object(Closure))
#23 C:/xampp/htdocs/riskmanagementsystem/risk-management/vendor/laravel/framework/src/Illuminate/Foundation/Http/Middleware/VerifyCsrfToken.php(88): Illuminate/Pipeline/Pipeline->Illuminate/Pipeline/{closure}(Object(Illuminate/Http/Request))
#24 C:/xampp/htdocs/riskmanagementsystem/risk-management/vendor/laravel/framework/src/Illuminate/Pipeline/Pipeline.php(209): Illuminate/Foundation/Http/Middleware/VerifyCsrfToken->handle(Object(Illuminate/Http/Request), Object(Closure))
#25 C:/xampp/htdocs/riskmanagementsystem/risk-management/vendor/laravel/framework/src/Illuminate/View/Middleware/ShareErrorsFromSession.php(49): Illuminate/Pipeline/Pipeline->Illuminate/Pipeline/{closure}(Object(Illuminate/Http/Request))
#26 C:/xampp/htdocs/riskmanagementsystem/risk-management/vendor/laravel/framework/src/Illuminate/Pipeline/Pipeline.php(209): Illuminate/View/Middleware/ShareErrorsFromSession->handle(Object(Illuminate/Http/Request), Object(Closure))
#27 C:/xampp/htdocs/riskmanagementsystem/risk-management/vendor/laravel/framework/src/Illuminate/Session/Middleware/StartSession.php(121): Illuminate/Pipeline/Pipeline->Illuminate/Pipeline/{closure}(Object(Illuminate/Http/Request))
#28 C:/xampp/htdocs/riskmanagementsystem/risk-management/vendor/laravel/framework/src/Illuminate/Session/Middleware/StartSession.php(64): Illuminate/Session/Middleware/StartSession->handleStatefulRequest(Object(Illuminate/Http/Request), Object(Illuminate/Session/Store), Object(Closure))
#29 C:/xampp/htdocs/riskmanagementsystem/risk-management/vendor/laravel/framework/src/Illuminate/Pipeline/Pipeline.php(209): Illuminate/Session/Middleware/StartSession->handle(Object(Illuminate/Http/Request), Object(Closure))
#30 C:/xampp/htdocs/riskmanagementsystem/risk-management/vendor/laravel/framework/src/Illuminate/Cookie/Middleware/AddQueuedCookiesToResponse.php(37): Illuminate/Pipeline/Pipeline->Illuminate/Pipeline/{closure}(Object(Illuminate/Http/Request))
#31 C:/xampp/htdocs/riskmanagementsystem/risk-management/vendor/laravel/framework/src/Illuminate/Pipeline/Pipeline.php(209): Illuminate/Cookie/Middleware/AddQueuedCookiesToResponse->handle(Object(Illuminate/Http/Request), Object(Closure))
#32 C:/xampp/htdocs/riskmanagementsystem/risk-management/vendor/laravel/framework/src/Illuminate/Cookie/Middleware/EncryptCookies.php(75): Illuminate/Pipeline/Pipeline->Illuminate/Pipeline/{closure}(Object(Illuminate/Http/Request))
#33 C:/xampp/htdocs/riskmanagementsystem/risk-management/vendor/laravel/framework/src/Illuminate/Pipeline/Pipeline.php(209): Illuminate/Cookie/Middleware/EncryptCookies->handle(Object(Illuminate/Http/Request), Object(Closure))
#34 C:/xampp/htdocs/riskmanagementsystem/risk-management/vendor/laravel/framework/src/Illuminate/Pipeline/Pipeline.php(127): Illuminate/Pipeline/Pipeline->Illuminate/Pipeline/{closure}(Object(Illuminate/Http/Request))
#35 C:/xampp/htdocs/riskmanagementsystem/risk-management/vendor/laravel/framework/src/Illuminate/Routing/Router.php(807): Illuminate/Pipeline/Pipeline->then(Object(Closure))
#36 C:/xampp/htdocs/riskmanagementsystem/risk-management/vendor/laravel/framework/src/Illuminate/Routing/Router.php(786): Illuminate/Routing/Router->runRouteWithinStack(Object(Illuminate/Routing/Route), Object(Illuminate/Http/Request))
#37 C:/xampp/htdocs/riskmanagementsystem/risk-management/vendor/laravel/framework/src/Illuminate/Routing/Router.php(750): Illuminate/Routing/Router->runRoute(Object(Illuminate/Http/Request), Object(Illuminate/Routing/Route))
#38 C:/xampp/htdocs/riskmanagementsystem/risk-management/vendor/laravel/framework/src/Illuminate/Routing/Router.php(739): Illuminate/Routing/Router->dispatchToRoute(Object(Illuminate/Http/Request))
#39 C:/xampp/htdocs/riskmanagementsystem/risk-management/vendor/laravel/framework/src/Illuminate/Foundation/Http/Kernel.php(201): Illuminate/Routing/Router->dispatch(Object(Illuminate/Http/Request))
#40 C:/xampp/htdocs/riskmanagementsystem/risk-management/vendor/laravel/framework/src/Illuminate/Pipeline/Pipeline.php(170): Illuminate/Foundation/Http/Kernel->Illuminate/Foundation/Http/{closure}(Object(Illuminate/Http/Request))
#41 C:/xampp/htdocs/riskmanagementsystem/risk-management/vendor/laravel/framework/src/Illuminate/Foundation/Http/Middleware/TransformsRequest.php(21): Illuminate/Pipeline/Pipeline->Illuminate/Pipeline/{closure}(Object(Illuminate/Http/Request))
#42 C:/xampp/htdocs/riskmanagementsystem/risk-management/vendor/laravel/framework/src/Illuminate/Foundation/Http/Middleware/ConvertEmptyStringsToNull.php(31): Illuminate/Foundation/Http/Middleware/TransformsRequest->handle(Object(Illuminate/Http/Request), Object(Closure))
#43 C:/xampp/htdocs/riskmanagementsystem/risk-management/vendor/laravel/framework/src/Illuminate/Pipeline/Pipeline.php(209): Illuminate/Foundation/Http/Middleware/ConvertEmptyStringsToNull->handle(Object(Illuminate/Http/Request), Object(Closure))
#44 C:/xampp/htdocs/riskmanagementsystem/risk-management/vendor/laravel/framework/src/Illuminate/Foundation/Http/Middleware/TransformsRequest.php(21): Illuminate/Pipeline/Pipeline->Illuminate/Pipeline/{closure}(Object(Illuminate/Http/Request))
#45 C:/xampp/htdocs/riskmanagementsystem/risk-management/vendor/laravel/framework/src/Illuminate/Foundation/Http/Middleware/TrimStrings.php(51): Illuminate/Foundation/Http/Middleware/TransformsRequest->handle(Object(Illuminate/Http/Request), Object(Closure))
#46 C:/xampp/htdocs/riskmanagementsystem/risk-management/vendor/laravel/framework/src/Illuminate/Pipeline/Pipeline.php(209): Illuminate/Foundation/Http/Middleware/TrimStrings->handle(Object(Illuminate/Http/Request), Object(Closure))
#47 C:/xampp/htdocs/riskmanagementsystem/risk-management/vendor/laravel/framework/src/Illuminate/Http/Middleware/ValidatePostSize.php(27): Illuminate/Pipeline/Pipeline->Illuminate/Pipeline/{closure}(Object(Illuminate/Http/Request))
#48 C:/xampp/htdocs/riskmanagementsystem/risk-management/vendor/laravel/framework/src/Illuminate/Pipeline/Pipeline.php(209): Illuminate/Http/Middleware/ValidatePostSize->handle(Object(Illuminate/Http/Request), Object(Closure))
#49 C:/xampp/htdocs/riskmanagementsystem/risk-management/vendor/laravel/framework/src/Illuminate/Foundation/Http/Middleware/PreventRequestsDuringMaintenance.php(110): Illuminate/Pipeline/Pipeline->Illuminate/Pipeline/{closure}(Object(Illuminate/Http/Request))
#50 C:/xampp/htdocs/riskmanagementsystem/risk-management/vendor/laravel/framework/src/Illuminate/Pipeline/Pipeline.php(209): Illuminate/Foundation/Http/Middleware/PreventRequestsDuringMaintenance->handle(Object(Illuminate/Http/Request), Object(Closure))
#51 C:/xampp/htdocs/riskmanagementsystem/risk-management/vendor/laravel/framework/src/Illuminate/Http/Middleware/HandleCors.php(49): Illuminate/Pipeline/Pipeline->Illuminate/Pipeline/{closure}(Object(Illuminate/Http/Request))
#52 C:/xampp/htdocs/riskmanagementsystem/risk-management/vendor/laravel/framework/src/Illuminate/Pipeline/Pipeline.php(209): Illuminate/Http/Middleware/HandleCors->handle(Object(Illuminate/Http/Request), Object(Closure))
#53 C:/xampp/htdocs/riskmanagementsystem/risk-management/vendor/laravel/framework/src/Illuminate/Http/Middleware/TrustProxies.php(58): Illuminate/Pipeline/Pipeline->Illuminate/Pipeline/{closure}(Object(Illuminate/Http/Request))
#54 C:/xampp/htdocs/riskmanagementsystem/risk-management/vendor/laravel/framework/src/Illuminate/Pipeline/Pipeline.php(209): Illuminate/Http/Middleware/TrustProxies->handle(Object(Illuminate/Http/Request), Object(Closure))
#55 C:/xampp/htdocs/riskmanagementsystem/risk-management/vendor/laravel/framework/src/Illuminate/Foundation/Http/Middleware/InvokeDeferredCallbacks.php(22): Illuminate/Pipeline/Pipeline->Illuminate/Pipeline/{closure}(Object(Illuminate/Http/Request))
#56 C:/xampp/htdocs/riskmanagementsystem/risk-management/vendor/laravel/framework/src/Illuminate/Pipeline/Pipeline.php(209): Illuminate/Foundation/Http/Middleware/InvokeDeferredCallbacks->handle(Object(Illuminate/Http/Request), Object(Closure))
#57 C:/xampp/htdocs/riskmanagementsystem/risk-management/vendor/laravel/framework/src/Illuminate/Pipeline/Pipeline.php(127): Illuminate/Pipeline/Pipeline->Illuminate/Pipeline/{closure}(Object(Illuminate/Http/Request))
#58 C:/xampp/htdocs/riskmanagementsystem/risk-management/vendor/laravel/framework/src/Illuminate/Foundation/Http/Kernel.php(176): Illuminate/Pipeline/Pipeline->then(Object(Closure))
#59 C:/xampp/htdocs/riskmanagementsystem/risk-management/vendor/laravel/framework/src/Illuminate/Foundation/Http/Kernel.php(145): Illuminate/Foundation/Http/Kernel->sendRequestThroughRouter(Object(Illuminate/Http/Request))
#60 C:/xampp/htdocs/riskmanagementsystem/risk-management/vendor/laravel/framework/src/Illuminate/Foundation/Application.php(1220): Illuminate/Foundation/Http/Kernel->handle(Object(Illuminate/Http/Request))
#61 C:/xampp/htdocs/riskmanagementsystem/risk-management/public/index.php(20): Illuminate/Foundation/Application->handleRequest(Object(Illuminate/Http/Request))
#62 C:/xampp/htdocs/riskmanagementsystem/risk-management/vendor/laravel/framework/src/Illuminate/Foundation/resources/server.php(23): require_once('C://xampp//htdocs...')
#63 {main}
"} 
[2026-09-16 09:44:53] local.ERROR: Error Code    : 918
Error Message : ORA-00918: column ambiguously defined
Help: https://docs.oracle.com/error-help/db/ora-00918/
Position      : 196
Statement     : select resolution_statuses.status_name as status_name, count(*) as total from "INCIDENTS" inner join "RESOLUTION_STATUSES" on "INCIDENTS"."RESOLUTION_STATUS_ID" = "RESOLUTION_STATUSES"."ID" where "VALIDITY" = :p0 group by "RESOLUTION_STATUSES"."STATUS_NAME"
Bindings      : [1]
 (Connection: oracle, SQL: select resolution_statuses.status_name as status_name, count(*) as total from "INCIDENTS" inner join "RESOLUTION_STATUSES" on "INCIDENTS"."RESOLUTION_STATUS_ID" = "RESOLUTION_STATUSES"."ID" where "VALIDITY" = 1 group by "RESOLUTION_STATUSES"."STATUS_NAME") {"userId":8,"exception":"[object] (Illuminate\\Database\\QueryException(code: 918): Error Code    : 918

Error Message : ORA-00918: column ambiguously defined
Help: https://docs.oracle.com/error-help/db/ora-00918/

Position      : 196

Statement     : select resolution_statuses.status_name as status_name, count(*) as total from \"INCIDENTS\" inner join \"RESOLUTION_STATUSES\" on \"INCIDENTS\".\"RESOLUTION_STATUS_ID\" = \"RESOLUTION_STATUSES\".\"ID\" where \"VALIDITY\" = :p0 group by \"RESOLUTION_STATUSES\".\"STATUS_NAME\"

Bindings      : [1]

 (Connection: oracle, SQL: select resolution_statuses.status_name as status_name, count(*) as total from \"INCIDENTS\" inner join \"RESOLUTION_STATUSES\" on \"INCIDENTS\".\"RESOLUTION_STATUS_ID\" = \"RESOLUTION_STATUSES\".\"ID\" where \"VALIDITY\" = 1 group by \"RESOLUTION_STATUSES\".\"STATUS_NAME\") at C:/xampp/htdocs/riskmanagementsystem/risk-management/vendor/laravel/framework/src/Illuminate/Database/Connection.php:825)
[stacktrace]
#0 C:/xampp/htdocs/riskmanagementsystem/risk-management/vendor/laravel/framework/src/Illuminate/Database/Connection.php(779): Illuminate/Database/Connection->runQueryCallback('select resoluti...', Array, Object(Closure))
#1 C:/xampp/htdocs/riskmanagementsystem/risk-management/vendor/laravel/framework/src/Illuminate/Database/Connection.php(398): Illuminate/Database/Connection->run('select resoluti...', Array, Object(Closure))
#2 C:/xampp/htdocs/riskmanagementsystem/risk-management/vendor/yajra/laravel-oci8/src/Oci8/Query/OracleBuilder.php(159): Illuminate/Database/Connection->select('select resoluti...', Array, true)
#3 C:/xampp/htdocs/riskmanagementsystem/risk-management/vendor/laravel/framework/src/Illuminate/Database/Query/Builder.php(3362): Yajra/Oci8/Query/OracleBuilder->runSelect()
#4 C:/xampp/htdocs/riskmanagementsystem/risk-management/vendor/laravel/framework/src/Illuminate/Database/Query/Builder.php(3676): Illuminate/Database/Query/Builder->Illuminate/Database/Query/{closure}()
#5 C:/xampp/htdocs/riskmanagementsystem/risk-management/vendor/laravel/framework/src/Illuminate/Database/Query/Builder.php(3358): Illuminate/Database/Query/Builder->onceWithColumns(Array, Object(Closure))
#6 C:/xampp/htdocs/riskmanagementsystem/risk-management/vendor/laravel/framework/src/Illuminate/Database/Eloquent/Builder.php(991): Illuminate/Database/Query/Builder->pluck('total', 'status_name')
#7 C:/xampp/htdocs/riskmanagementsystem/risk-management/app/Http/Controllers/ReportController.php(27): Illuminate/Database/Eloquent/Builder->pluck('total', 'status_name')
#8 C:/xampp/htdocs/riskmanagementsystem/risk-management/vendor/laravel/framework/src/Illuminate/Routing/ControllerDispatcher.php(47): App/Http/Controllers/ReportController->index()
#9 C:/xampp/htdocs/riskmanagementsystem/risk-management/vendor/laravel/framework/src/Illuminate/Routing/Route.php(266): Illuminate/Routing/ControllerDispatcher->dispatch(Object(Illuminate/Routing/Route), Object(App/Http/Controllers/ReportController), 'index')
#10 C:/xampp/htdocs/riskmanagementsystem/risk-management/vendor/laravel/framework/src/Illuminate/Routing/Route.php(212): Illuminate/Routing/Route->runController()
#11 C:/xampp/htdocs/riskmanagementsystem/risk-management/vendor/laravel/framework/src/Illuminate/Routing/Router.php(808): Illuminate/Routing/Route->run()
#12 C:/xampp/htdocs/riskmanagementsystem/risk-management/vendor/laravel/framework/src/Illuminate/Pipeline/Pipeline.php(170): Illuminate/Routing/Router->Illuminate/Routing/{closure}(Object(Illuminate/Http/Request))
#13 C:/xampp/htdocs/riskmanagementsystem/risk-management/vendor/spatie/laravel-permission/src/Middleware/PermissionMiddleware.php(37): Illuminate/Pipeline/Pipeline->Illuminate/Pipeline/{closure}(Object(Illuminate/Http/Request))
#14 C:/xampp/htdocs/riskmanagementsystem/risk-management/vendor/laravel/framework/src/Illuminate/Pipeline/Pipeline.php(209): Spatie/Permission/Middleware/PermissionMiddleware->handle(Object(Illuminate/Http/Request), Object(Closure), 'view-reports')
#15 C:/xampp/htdocs/riskmanagementsystem/risk-management/app/Http/Middleware/SetArabicLocale.php(20): Illuminate/Pipeline/Pipeline->Illuminate/Pipeline/{closure}(Object(Illuminate/Http/Request))
#16 C:/xampp/htdocs/riskmanagementsystem/risk-management/vendor/laravel/framework/src/Illuminate/Pipeline/Pipeline.php(209): App/Http/Middleware/SetArabicLocale->handle(Object(Illuminate/Http/Request), Object(Closure))
#17 C:/xampp/htdocs/riskmanagementsystem/risk-management/vendor/laravel/framework/src/Illuminate/Routing/Middleware/SubstituteBindings.php(51): Illuminate/Pipeline/Pipeline->Illuminate/Pipeline/{closure}(Object(Illuminate/Http/Request))
#18 C:/xampp/htdocs/riskmanagementsystem/risk-management/vendor/laravel/framework/src/Illuminate/Pipeline/Pipeline.php(209): Illuminate/Routing/Middleware/SubstituteBindings->handle(Object(Illuminate/Http/Request), Object(Closure))
#19 C:/xampp/htdocs/riskmanagementsystem/risk-management/vendor/laravel/framework/src/Illuminate/Auth/Middleware/Authenticate.php(64): Illuminate/Pipeline/Pipeline->Illuminate/Pipeline/{closure}(Object(Illuminate/Http/Request))
#20 C:/xampp/htdocs/riskmanagementsystem/risk-management/vendor/laravel/framework/src/Illuminate/Pipeline/Pipeline.php(209): Illuminate/Auth/Middleware/Authenticate->handle(Object(Illuminate/Http/Request), Object(Closure))
#21 C:/xampp/htdocs/riskmanagementsystem/risk-management/vendor/laravel/framework/src/Illuminate/Foundation/Http/Middleware/VerifyCsrfToken.php(88): Illuminate/Pipeline/Pipeline->Illuminate/Pipeline/{closure}(Object(Illuminate/Http/Request))
#22 C:/xampp/htdocs/riskmanagementsystem/risk-management/vendor/laravel/framework/src/Illuminate/Pipeline/Pipeline.php(209): Illuminate/Foundation/Http/Middleware/VerifyCsrfToken->handle(Object(Illuminate/Http/Request), Object(Closure))
#23 C:/xampp/htdocs/riskmanagementsystem/risk-management/vendor/laravel/framework/src/Illuminate/View/Middleware/ShareErrorsFromSession.php(49): Illuminate/Pipeline/Pipeline->Illuminate/Pipeline/{closure}(Object(Illuminate/Http/Request))
#24 C:/xampp/htdocs/riskmanagementsystem/risk-management/vendor/laravel/framework/src/Illuminate/Pipeline/Pipeline.php(209): Illuminate/View/Middleware/ShareErrorsFromSession->handle(Object(Illuminate/Http/Request), Object(Closure))
#25 C:/xampp/htdocs/riskmanagementsystem/risk-management/vendor/laravel/framework/src/Illuminate/Session/Middleware/StartSession.php(121): Illuminate/Pipeline/Pipeline->Illuminate/Pipeline/{closure}(Object(Illuminate/Http/Request))
#26 C:/xampp/htdocs/riskmanagementsystem/risk-management/vendor/laravel/framework/src/Illuminate/Session/Middleware/StartSession.php(64): Illuminate/Session/Middleware/StartSession->handleStatefulRequest(Object(Illuminate/Http/Request), Object(Illuminate/Session/Store), Object(Closure))
#27 C:/xampp/htdocs/riskmanagementsystem/risk-management/vendor/laravel/framework/src/Illuminate/Pipeline/Pipeline.php(209): Illuminate/Session/Middleware/StartSession->handle(Object(Illuminate/Http/Request), Object(Closure))
#28 C:/xampp/htdocs/riskmanagementsystem/risk-management/vendor/laravel/framework/src/Illuminate/Cookie/Middleware/AddQueuedCookiesToResponse.php(37): Illuminate/Pipeline/Pipeline->Illuminate/Pipeline/{closure}(Object(Illuminate/Http/Request))
#29 C:/xampp/htdocs/riskmanagementsystem/risk-management/vendor/laravel/framework/src/Illuminate/Pipeline/Pipeline.php(209): Illuminate/Cookie/Middleware/AddQueuedCookiesToResponse->handle(Object(Illuminate/Http/Request), Object(Closure))
#30 C:/xampp/htdocs/riskmanagementsystem/risk-management/vendor/laravel/framework/src/Illuminate/Cookie/Middleware/EncryptCookies.php(75): Illuminate/Pipeline/Pipeline->Illuminate/Pipeline/{closure}(Object(Illuminate/Http/Request))
#31 C:/xampp/htdocs/riskmanagementsystem/risk-management/vendor/laravel/framework/src/Illuminate/Pipeline/Pipeline.php(209): Illuminate/Cookie/Middleware/EncryptCookies->handle(Object(Illuminate/Http/Request), Object(Closure))
#32 C:/xampp/htdocs/riskmanagementsystem/risk-management/vendor/laravel/framework/src/Illuminate/Pipeline/Pipeline.php(127): Illuminate/Pipeline/Pipeline->Illuminate/Pipeline/{closure}(Object(Illuminate/Http/Request))
#33 C:/xampp/htdocs/riskmanagementsystem/risk-management/vendor/laravel/framework/src/Illuminate/Routing/Router.php(807): Illuminate/Pipeline/Pipeline->then(Object(Closure))
#34 C:/xampp/htdocs/riskmanagementsystem/risk-management/vendor/laravel/framework/src/Illuminate/Routing/Router.php(786): Illuminate/Routing/Router->runRouteWithinStack(Object(Illuminate/Routing/Route), Object(Illuminate/Http/Request))
#35 C:/xampp/htdocs/riskmanagementsystem/risk-management/vendor/laravel/framework/src/Illuminate/Routing/Router.php(750): Illuminate/Routing/Router->runRoute(Object(Illuminate/Http/Request), Object(Illuminate/Routing/Route))
#36 C:/xampp/htdocs/riskmanagementsystem/risk-management/vendor/laravel/framework/src/Illuminate/Routing/Router.php(739): Illuminate/Routing/Router->dispatchToRoute(Object(Illuminate/Http/Request))
#37 C:/xampp/htdocs/riskmanagementsystem/risk-management/vendor/laravel/framework/src/Illuminate/Foundation/Http/Kernel.php(201): Illuminate/Routing/Router->dispatch(Object(Illuminate/Http/Request))
#38 C:/xampp/htdocs/riskmanagementsystem/risk-management/vendor/laravel/framework/src/Illuminate/Pipeline/Pipeline.php(170): Illuminate/Foundation/Http/Kernel->Illuminate/Foundation/Http/{closure}(Object(Illuminate/Http/Request))
#39 C:/xampp/htdocs/riskmanagementsystem/risk-management/vendor/laravel/framework/src/Illuminate/Foundation/Http/Middleware/TransformsRequest.php(21): Illuminate/Pipeline/Pipeline->Illuminate/Pipeline/{closure}(Object(Illuminate/Http/Request))
#40 C:/xampp/htdocs/riskmanagementsystem/risk-management/vendor/laravel/framework/src/Illuminate/Foundation/Http/Middleware/ConvertEmptyStringsToNull.php(31): Illuminate/Foundation/Http/Middleware/TransformsRequest->handle(Object(Illuminate/Http/Request), Object(Closure))
#41 C:/xampp/htdocs/riskmanagementsystem/risk-management/vendor/laravel/framework/src/Illuminate/Pipeline/Pipeline.php(209): Illuminate/Foundation/Http/Middleware/ConvertEmptyStringsToNull->handle(Object(Illuminate/Http/Request), Object(Closure))
#42 C:/xampp/htdocs/riskmanagementsystem/risk-management/vendor/laravel/framework/src/Illuminate/Foundation/Http/Middleware/TransformsRequest.php(21): Illuminate/Pipeline/Pipeline->Illuminate/Pipeline/{closure}(Object(Illuminate/Http/Request))
#43 C:/xampp/htdocs/riskmanagementsystem/risk-management/vendor/laravel/framework/src/Illuminate/Foundation/Http/Middleware/TrimStrings.php(51): Illuminate/Foundation/Http/Middleware/TransformsRequest->handle(Object(Illuminate/Http/Request), Object(Closure))
#44 C:/xampp/htdocs/riskmanagementsystem/risk-management/vendor/laravel/framework/src/Illuminate/Pipeline/Pipeline.php(209): Illuminate/Foundation/Http/Middleware/TrimStrings->handle(Object(Illuminate/Http/Request), Object(Closure))
#45 C:/xampp/htdocs/riskmanagementsystem/risk-management/vendor/laravel/framework/src/Illuminate/Http/Middleware/ValidatePostSize.php(27): Illuminate/Pipeline/Pipeline->Illuminate/Pipeline/{closure}(Object(Illuminate/Http/Request))
#46 C:/xampp/htdocs/riskmanagementsystem/risk-management/vendor/laravel/framework/src/Illuminate/Pipeline/Pipeline.php(209): Illuminate/Http/Middleware/ValidatePostSize->handle(Object(Illuminate/Http/Request), Object(Closure))
#47 C:/xampp/htdocs/riskmanagementsystem/risk-management/vendor/laravel/framework/src/Illuminate/Foundation/Http/Middleware/PreventRequestsDuringMaintenance.php(110): Illuminate/Pipeline/Pipeline->Illuminate/Pipeline/{closure}(Object(Illuminate/Http/Request))
#48 C:/xampp/htdocs/riskmanagementsystem/risk-management/vendor/laravel/framework/src/Illuminate/Pipeline/Pipeline.php(209): Illuminate/Foundation/Http/Middleware/PreventRequestsDuringMaintenance->handle(Object(Illuminate/Http/Request), Object(Closure))
#49 C:/xampp/htdocs/riskmanagementsystem/risk-management/vendor/laravel/framework/src/Illuminate/Http/Middleware/HandleCors.php(49): Illuminate/Pipeline/Pipeline->Illuminate/Pipeline/{closure}(Object(Illuminate/Http/Request))
#50 C:/xampp/htdocs/riskmanagementsystem/risk-management/vendor/laravel/framework/src/Illuminate/Pipeline/Pipeline.php(209): Illuminate/Http/Middleware/HandleCors->handle(Object(Illuminate/Http/Request), Object(Closure))
#51 C:/xampp/htdocs/riskmanagementsystem/risk-management/vendor/laravel/framework/src/Illuminate/Http/Middleware/TrustProxies.php(58): Illuminate/Pipeline/Pipeline->Illuminate/Pipeline/{closure}(Object(Illuminate/Http/Request))
#52 C:/xampp/htdocs/riskmanagementsystem/risk-management/vendor/laravel/framework/src/Illuminate/Pipeline/Pipeline.php(209): Illuminate/Http/Middleware/TrustProxies->handle(Object(Illuminate/Http/Request), Object(Closure))
#53 C:/xampp/htdocs/riskmanagementsystem/risk-management/vendor/laravel/framework/src/Illuminate/Foundation/Http/Middleware/InvokeDeferredCallbacks.php(22): Illuminate/Pipeline/Pipeline->Illuminate/Pipeline/{closure}(Object(Illuminate/Http/Request))
#54 C:/xampp/htdocs/riskmanagementsystem/risk-management/vendor/laravel/framework/src/Illuminate/Pipeline/Pipeline.php(209): Illuminate/Foundation/Http/Middleware/InvokeDeferredCallbacks->handle(Object(Illuminate/Http/Request), Object(Closure))
#55 C:/xampp/htdocs/riskmanagementsystem/risk-management/vendor/laravel/framework/src/Illuminate/Pipeline/Pipeline.php(127): Illuminate/Pipeline/Pipeline->Illuminate/Pipeline/{closure}(Object(Illuminate/Http/Request))
#56 C:/xampp/htdocs/riskmanagementsystem/risk-management/vendor/laravel/framework/src/Illuminate/Foundation/Http/Kernel.php(176): Illuminate/Pipeline/Pipeline->then(Object(Closure))
#57 C:/xampp/htdocs/riskmanagementsystem/risk-management/vendor/laravel/framework/src/Illuminate/Foundation/Http/Kernel.php(145): Illuminate/Foundation/Http/Kernel->sendRequestThroughRouter(Object(Illuminate/Http/Request))
#58 C:/xampp/htdocs/riskmanagementsystem/risk-management/vendor/laravel/framework/src/Illuminate/Foundation/Application.php(1220): Illuminate/Foundation/Http/Kernel->handle(Object(Illuminate/Http/Request))
#59 C:/xampp/htdocs/riskmanagementsystem/risk-management/public/index.php(20): Illuminate/Foundation/Application->handleRequest(Object(Illuminate/Http/Request))
#60 C:/xampp/htdocs/riskmanagementsystem/risk-management/vendor/laravel/framework/src/Illuminate/Foundation/resources/server.php(23): require_once('C://xampp//htdocs...')
#61 {main}

[previous exception] [object] (Yajra\\Pdo\\Oci8\\Exceptions\\Oci8Exception(code: 918): Error Code    : 918

Error Message : ORA-00918: column ambiguously defined
Help: https://docs.oracle.com/error-help/db/ora-00918/

Position      : 196

Statement     : select resolution_statuses.status_name as status_name, count(*) as total from \"INCIDENTS\" inner join \"RESOLUTION_STATUSES\" on \"INCIDENTS\".\"RESOLUTION_STATUS_ID\" = \"RESOLUTION_STATUSES\".\"ID\" where \"VALIDITY\" = :p0 group by \"RESOLUTION_STATUSES\".\"STATUS_NAME\"

Bindings      : [1]

 at C:/xampp/htdocs/riskmanagementsystem/risk-management/vendor/yajra/laravel-pdo-via-oci8/src/Pdo/Oci8/Statement.php:798)
[stacktrace]
#0 C:/xampp/htdocs/riskmanagementsystem/risk-management/vendor/laravel/framework/src/Illuminate/Database/Connection.php(412): Yajra/Pdo/Oci8/Statement->execute()
#1 C:/xampp/htdocs/riskmanagementsystem/risk-management/vendor/laravel/framework/src/Illuminate/Database/Connection.php(812): Illuminate/Database/Connection->Illuminate/Database/{closure}('select resoluti...', Array)
#2 C:/xampp/htdocs/riskmanagementsystem/risk-management/vendor/laravel/framework/src/Illuminate/Database/Connection.php(779): Illuminate/Database/Connection->runQueryCallback('select resoluti...', Array, Object(Closure))
#3 C:/xampp/htdocs/riskmanagementsystem/risk-management/vendor/laravel/framework/src/Illuminate/Database/Connection.php(398): Illuminate/Database/Connection->run('select resoluti...', Array, Object(Closure))
#4 C:/xampp/htdocs/riskmanagementsystem/risk-management/vendor/yajra/laravel-oci8/src/Oci8/Query/OracleBuilder.php(159): Illuminate/Database/Connection->select('select resoluti...', Array, true)
#5 C:/xampp/htdocs/riskmanagementsystem/risk-management/vendor/laravel/framework/src/Illuminate/Database/Query/Builder.php(3362): Yajra/Oci8/Query/OracleBuilder->runSelect()
#6 C:/xampp/htdocs/riskmanagementsystem/risk-management/vendor/laravel/framework/src/Illuminate/Database/Query/Builder.php(3676): Illuminate/Database/Query/Builder->Illuminate/Database/Query/{closure}()
#7 C:/xampp/htdocs/riskmanagementsystem/risk-management/vendor/laravel/framework/src/Illuminate/Database/Query/Builder.php(3358): Illuminate/Database/Query/Builder->onceWithColumns(Array, Object(Closure))
#8 C:/xampp/htdocs/riskmanagementsystem/risk-management/vendor/laravel/framework/src/Illuminate/Database/Eloquent/Builder.php(991): Illuminate/Database/Query/Builder->pluck('total', 'status_name')
#9 C:/xampp/htdocs/riskmanagementsystem/risk-management/app/Http/Controllers/ReportController.php(27): Illuminate/Database/Eloquent/Builder->pluck('total', 'status_name')
#10 C:/xampp/htdocs/riskmanagementsystem/risk-management/vendor/laravel/framework/src/Illuminate/Routing/ControllerDispatcher.php(47): App/Http/Controllers/ReportController->index()
#11 C:/xampp/htdocs/riskmanagementsystem/risk-management/vendor/laravel/framework/src/Illuminate/Routing/Route.php(266): Illuminate/Routing/ControllerDispatcher->dispatch(Object(Illuminate/Routing/Route), Object(App/Http/Controllers/ReportController), 'index')
#12 C:/xampp/htdocs/riskmanagementsystem/risk-management/vendor/laravel/framework/src/Illuminate/Routing/Route.php(212): Illuminate/Routing/Route->runController()
#13 C:/xampp/htdocs/riskmanagementsystem/risk-management/vendor/laravel/framework/src/Illuminate/Routing/Router.php(808): Illuminate/Routing/Route->run()
#14 C:/xampp/htdocs/riskmanagementsystem/risk-management/vendor/laravel/framework/src/Illuminate/Pipeline/Pipeline.php(170): Illuminate/Routing/Router->Illuminate/Routing/{closure}(Object(Illuminate/Http/Request))
#15 C:/xampp/htdocs/riskmanagementsystem/risk-management/vendor/spatie/laravel-permission/src/Middleware/PermissionMiddleware.php(37): Illuminate/Pipeline/Pipeline->Illuminate/Pipeline/{closure}(Object(Illuminate/Http/Request))
#16 C:/xampp/htdocs/riskmanagementsystem/risk-management/vendor/laravel/framework/src/Illuminate/Pipeline/Pipeline.php(209): Spatie/Permission/Middleware/PermissionMiddleware->handle(Object(Illuminate/Http/Request), Object(Closure), 'view-reports')
#17 C:/xampp/htdocs/riskmanagementsystem/risk-management/app/Http/Middleware/SetArabicLocale.php(20): Illuminate/Pipeline/Pipeline->Illuminate/Pipeline/{closure}(Object(Illuminate/Http/Request))
#18 C:/xampp/htdocs/riskmanagementsystem/risk-management/vendor/laravel/framework/src/Illuminate/Pipeline/Pipeline.php(209): App/Http/Middleware/SetArabicLocale->handle(Object(Illuminate/Http/Request), Object(Closure))
#19 C:/xampp/htdocs/riskmanagementsystem/risk-management/vendor/laravel/framework/src/Illuminate/Routing/Middleware/SubstituteBindings.php(51): Illuminate/Pipeline/Pipeline->Illuminate/Pipeline/{closure}(Object(Illuminate/Http/Request))
#20 C:/xampp/htdocs/riskmanagementsystem/risk-management/vendor/laravel/framework/src/Illuminate/Pipeline/Pipeline.php(209): Illuminate/Routing/Middleware/SubstituteBindings->handle(Object(Illuminate/Http/Request), Object(Closure))
#21 C:/xampp/htdocs/riskmanagementsystem/risk-management/vendor/laravel/framework/src/Illuminate/Auth/Middleware/Authenticate.php(64): Illuminate/Pipeline/Pipeline->Illuminate/Pipeline/{closure}(Object(Illuminate/Http/Request))
#22 C:/xampp/htdocs/riskmanagementsystem/risk-management/vendor/laravel/framework/src/Illuminate/Pipeline/Pipeline.php(209): Illuminate/Auth/Middleware/Authenticate->handle(Object(Illuminate/Http/Request), Object(Closure))
#23 C:/xampp/htdocs/riskmanagementsystem/risk-management/vendor/laravel/framework/src/Illuminate/Foundation/Http/Middleware/VerifyCsrfToken.php(88): Illuminate/Pipeline/Pipeline->Illuminate/Pipeline/{closure}(Object(Illuminate/Http/Request))
#24 C:/xampp/htdocs/riskmanagementsystem/risk-management/vendor/laravel/framework/src/Illuminate/Pipeline/Pipeline.php(209): Illuminate/Foundation/Http/Middleware/VerifyCsrfToken->handle(Object(Illuminate/Http/Request), Object(Closure))
#25 C:/xampp/htdocs/riskmanagementsystem/risk-management/vendor/laravel/framework/src/Illuminate/View/Middleware/ShareErrorsFromSession.php(49): Illuminate/Pipeline/Pipeline->Illuminate/Pipeline/{closure}(Object(Illuminate/Http/Request))
#26 C:/xampp/htdocs/riskmanagementsystem/risk-management/vendor/laravel/framework/src/Illuminate/Pipeline/Pipeline.php(209): Illuminate/View/Middleware/ShareErrorsFromSession->handle(Object(Illuminate/Http/Request), Object(Closure))
#27 C:/xampp/htdocs/riskmanagementsystem/risk-management/vendor/laravel/framework/src/Illuminate/Session/Middleware/StartSession.php(121): Illuminate/Pipeline/Pipeline->Illuminate/Pipeline/{closure}(Object(Illuminate/Http/Request))
#28 C:/xampp/htdocs/riskmanagementsystem/risk-management/vendor/laravel/framework/src/Illuminate/Session/Middleware/StartSession.php(64): Illuminate/Session/Middleware/StartSession->handleStatefulRequest(Object(Illuminate/Http/Request), Object(Illuminate/Session/Store), Object(Closure))
#29 C:/xampp/htdocs/riskmanagementsystem/risk-management/vendor/laravel/framework/src/Illuminate/Pipeline/Pipeline.php(209): Illuminate/Session/Middleware/StartSession->handle(Object(Illuminate/Http/Request), Object(Closure))
#30 C:/xampp/htdocs/riskmanagementsystem/risk-management/vendor/laravel/framework/src/Illuminate/Cookie/Middleware/AddQueuedCookiesToResponse.php(37): Illuminate/Pipeline/Pipeline->Illuminate/Pipeline/{closure}(Object(Illuminate/Http/Request))
#31 C:/xampp/htdocs/riskmanagementsystem/risk-management/vendor/laravel/framework/src/Illuminate/Pipeline/Pipeline.php(209): Illuminate/Cookie/Middleware/AddQueuedCookiesToResponse->handle(Object(Illuminate/Http/Request), Object(Closure))
#32 C:/xampp/htdocs/riskmanagementsystem/risk-management/vendor/laravel/framework/src/Illuminate/Cookie/Middleware/EncryptCookies.php(75): Illuminate/Pipeline/Pipeline->Illuminate/Pipeline/{closure}(Object(Illuminate/Http/Request))
#33 C:/xampp/htdocs/riskmanagementsystem/risk-management/vendor/laravel/framework/src/Illuminate/Pipeline/Pipeline.php(209): Illuminate/Cookie/Middleware/EncryptCookies->handle(Object(Illuminate/Http/Request), Object(Closure))
#34 C:/xampp/htdocs/riskmanagementsystem/risk-management/vendor/laravel/framework/src/Illuminate/Pipeline/Pipeline.php(127): Illuminate/Pipeline/Pipeline->Illuminate/Pipeline/{closure}(Object(Illuminate/Http/Request))
#35 C:/xampp/htdocs/riskmanagementsystem/risk-management/vendor/laravel/framework/src/Illuminate/Routing/Router.php(807): Illuminate/Pipeline/Pipeline->then(Object(Closure))
#36 C:/xampp/htdocs/riskmanagementsystem/risk-management/vendor/laravel/framework/src/Illuminate/Routing/Router.php(786): Illuminate/Routing/Router->runRouteWithinStack(Object(Illuminate/Routing/Route), Object(Illuminate/Http/Request))
#37 C:/xampp/htdocs/riskmanagementsystem/risk-management/vendor/laravel/framework/src/Illuminate/Routing/Router.php(750): Illuminate/Routing/Router->runRoute(Object(Illuminate/Http/Request), Object(Illuminate/Routing/Route))
#38 C:/xampp/htdocs/riskmanagementsystem/risk-management/vendor/laravel/framework/src/Illuminate/Routing/Router.php(739): Illuminate/Routing/Router->dispatchToRoute(Object(Illuminate/Http/Request))
#39 C:/xampp/htdocs/riskmanagementsystem/risk-management/vendor/laravel/framework/src/Illuminate/Foundation/Http/Kernel.php(201): Illuminate/Routing/Router->dispatch(Object(Illuminate/Http/Request))
#40 C:/xampp/htdocs/riskmanagementsystem/risk-management/vendor/laravel/framework/src/Illuminate/Pipeline/Pipeline.php(170): Illuminate/Foundation/Http/Kernel->Illuminate/Foundation/Http/{closure}(Object(Illuminate/Http/Request))
#41 C:/xampp/htdocs/riskmanagementsystem/risk-management/vendor/laravel/framework/src/Illuminate/Foundation/Http/Middleware/TransformsRequest.php(21): Illuminate/Pipeline/Pipeline->Illuminate/Pipeline/{closure}(Object(Illuminate/Http/Request))
#42 C:/xampp/htdocs/riskmanagementsystem/risk-management/vendor/laravel/framework/src/Illuminate/Foundation/Http/Middleware/ConvertEmptyStringsToNull.php(31): Illuminate/Foundation/Http/Middleware/TransformsRequest->handle(Object(Illuminate/Http/Request), Object(Closure))
#43 C:/xampp/htdocs/riskmanagementsystem/risk-management/vendor/laravel/framework/src/Illuminate/Pipeline/Pipeline.php(209): Illuminate/Foundation/Http/Middleware/ConvertEmptyStringsToNull->handle(Object(Illuminate/Http/Request), Object(Closure))
#44 C:/xampp/htdocs/riskmanagementsystem/risk-management/vendor/laravel/framework/src/Illuminate/Foundation/Http/Middleware/TransformsRequest.php(21): Illuminate/Pipeline/Pipeline->Illuminate/Pipeline/{closure}(Object(Illuminate/Http/Request))
#45 C:/xampp/htdocs/riskmanagementsystem/risk-management/vendor/laravel/framework/src/Illuminate/Foundation/Http/Middleware/TrimStrings.php(51): Illuminate/Foundation/Http/Middleware/TransformsRequest->handle(Object(Illuminate/Http/Request), Object(Closure))
#46 C:/xampp/htdocs/riskmanagementsystem/risk-management/vendor/laravel/framework/src/Illuminate/Pipeline/Pipeline.php(209): Illuminate/Foundation/Http/Middleware/TrimStrings->handle(Object(Illuminate/Http/Request), Object(Closure))
#47 C:/xampp/htdocs/riskmanagementsystem/risk-management/vendor/laravel/framework/src/Illuminate/Http/Middleware/ValidatePostSize.php(27): Illuminate/Pipeline/Pipeline->Illuminate/Pipeline/{closure}(Object(Illuminate/Http/Request))
#48 C:/xampp/htdocs/riskmanagementsystem/risk-management/vendor/laravel/framework/src/Illuminate/Pipeline/Pipeline.php(209): Illuminate/Http/Middleware/ValidatePostSize->handle(Object(Illuminate/Http/Request), Object(Closure))
#49 C:/xampp/htdocs/riskmanagementsystem/risk-management/vendor/laravel/framework/src/Illuminate/Foundation/Http/Middleware/PreventRequestsDuringMaintenance.php(110): Illuminate/Pipeline/Pipeline->Illuminate/Pipeline/{closure}(Object(Illuminate/Http/Request))
#50 C:/xampp/htdocs/riskmanagementsystem/risk-management/vendor/laravel/framework/src/Illuminate/Pipeline/Pipeline.php(209): Illuminate/Foundation/Http/Middleware/PreventRequestsDuringMaintenance->handle(Object(Illuminate/Http/Request), Object(Closure))
#51 C:/xampp/htdocs/riskmanagementsystem/risk-management/vendor/laravel/framework/src/Illuminate/Http/Middleware/HandleCors.php(49): Illuminate/Pipeline/Pipeline->Illuminate/Pipeline/{closure}(Object(Illuminate/Http/Request))
#52 C:/xampp/htdocs/riskmanagementsystem/risk-management/vendor/laravel/framework/src/Illuminate/Pipeline/Pipeline.php(209): Illuminate/Http/Middleware/HandleCors->handle(Object(Illuminate/Http/Request), Object(Closure))
#53 C:/xampp/htdocs/riskmanagementsystem/risk-management/vendor/laravel/framework/src/Illuminate/Http/Middleware/TrustProxies.php(58): Illuminate/Pipeline/Pipeline->Illuminate/Pipeline/{closure}(Object(Illuminate/Http/Request))
#54 C:/xampp/htdocs/riskmanagementsystem/risk-management/vendor/laravel/framework/src/Illuminate/Pipeline/Pipeline.php(209): Illuminate/Http/Middleware/TrustProxies->handle(Object(Illuminate/Http/Request), Object(Closure))
#55 C:/xampp/htdocs/riskmanagementsystem/risk-management/vendor/laravel/framework/src/Illuminate/Foundation/Http/Middleware/InvokeDeferredCallbacks.php(22): Illuminate/Pipeline/Pipeline->Illuminate/Pipeline/{closure}(Object(Illuminate/Http/Request))
#56 C:/xampp/htdocs/riskmanagementsystem/risk-management/vendor/laravel/framework/src/Illuminate/Pipeline/Pipeline.php(209): Illuminate/Foundation/Http/Middleware/InvokeDeferredCallbacks->handle(Object(Illuminate/Http/Request), Object(Closure))
#57 C:/xampp/htdocs/riskmanagementsystem/risk-management/vendor/laravel/framework/src/Illuminate/Pipeline/Pipeline.php(127): Illuminate/Pipeline/Pipeline->Illuminate/Pipeline/{closure}(Object(Illuminate/Http/Request))
#58 C:/xampp/htdocs/riskmanagementsystem/risk-management/vendor/laravel/framework/src/Illuminate/Foundation/Http/Kernel.php(176): Illuminate/Pipeline/Pipeline->then(Object(Closure))
#59 C:/xampp/htdocs/riskmanagementsystem/risk-management/vendor/laravel/framework/src/Illuminate/Foundation/Http/Kernel.php(145): Illuminate/Foundation/Http/Kernel->sendRequestThroughRouter(Object(Illuminate/Http/Request))
#60 C:/xampp/htdocs/riskmanagementsystem/risk-management/vendor/laravel/framework/src/Illuminate/Foundation/Application.php(1220): Illuminate/Foundation/Http/Kernel->handle(Object(Illuminate/Http/Request))
#61 C:/xampp/htdocs/riskmanagementsystem/risk-management/public/index.php(20): Illuminate/Foundation/Application->handleRequest(Object(Illuminate/Http/Request))
#62 C:/xampp/htdocs/riskmanagementsystem/risk-management/vendor/laravel/framework/src/Illuminate/Foundation/resources/server.php(23): require_once('C://xampp//htdocs...')
#63 {main}
"} 
[2026-09-23 12:07:15] local.ERROR: Error Code    : 2443
Error Message : ORA-02443: Cannot drop constraint  - nonexistent constraint
Help: https://docs.oracle.com/error-help/db/ora-02443/
Position      : 42
Statement     : alter table "DEPARTMENTS" drop constraint departments_sector_code_foreig
Bindings      : []
 (Connection: oracle, SQL: alter table "DEPARTMENTS" drop constraint departments_sector_code_foreig) {"exception":"[object] (Illuminate\\Database\\QueryException(code: 2443): Error Code    : 2443

Error Message : ORA-02443: Cannot drop constraint  - nonexistent constraint
Help: https://docs.oracle.com/error-help/db/ora-02443/

Position      : 42

Statement     : alter table \"DEPARTMENTS\" drop constraint departments_sector_code_foreig

Bindings      : []

 (Connection: oracle, SQL: alter table \"DEPARTMENTS\" drop constraint departments_sector_code_foreig) at C:/xampp/htdocs/riskmanagementsystem/risk-management/vendor/laravel/framework/src/Illuminate/Database/Connection.php:825)
[stacktrace]
#0 C:/xampp/htdocs/riskmanagementsystem/risk-management/vendor/laravel/framework/src/Illuminate/Database/Connection.php(779): Illuminate/Database/Connection->runQueryCallback('alter table \"DE...', Array, Object(Closure))
#1 C:/xampp/htdocs/riskmanagementsystem/risk-management/vendor/laravel/framework/src/Illuminate/Database/Connection.php(560): Illuminate/Database/Connection->run('alter table \"DE...', Array, Object(Closure))
#2 C:/xampp/htdocs/riskmanagementsystem/risk-management/vendor/laravel/framework/src/Illuminate/Database/Schema/Blueprint.php(118): Illuminate/Database/Connection->statement('alter table \"DE...')
#3 C:/xampp/htdocs/riskmanagementsystem/risk-management/vendor/laravel/framework/src/Illuminate/Database/Schema/Builder.php(564): Illuminate/Database/Schema/Blueprint->build(Object(Yajra/Oci8/Oci8Connection), Object(Yajra/Oci8/Schema/Grammars/OracleGrammar))
#4 C:/xampp/htdocs/riskmanagementsystem/risk-management/vendor/yajra/laravel-oci8/src/Oci8/Schema/OracleBuilder.php(88): Illuminate/Database/Schema/Builder->build(Object(Yajra/Oci8/Schema/OracleBlueprint))
#5 C:/xampp/htdocs/riskmanagementsystem/risk-management/vendor/laravel/framework/src/Illuminate/Support/Facades/Facade.php(361): Yajra/Oci8/Schema/OracleBuilder->table('departments', Object(Closure))
#6 C:/xampp/htdocs/riskmanagementsystem/risk-management/database/migrations/2025_02_01_000050_use_new_po_for_sectors_departments.php(31): Illuminate/Support/Facades/Facade::__callStatic('table', Array)
#7 C:/xampp/htdocs/riskmanagementsystem/risk-management/vendor/laravel/framework/src/Illuminate/Database/Migrations/Migrator.php(507): Illuminate/Database/Migrations/Migration@anonymous->up()
#8 C:/xampp/htdocs/riskmanagementsystem/risk-management/vendor/laravel/framework/src/Illuminate/Database/Migrations/Migrator.php(432): Illuminate/Database/Migrations/Migrator->runMethod(Object(Yajra/Oci8/Oci8Connection), Object(Illuminate/Database/Migrations/Migration@anonymous), 'up')
#9 C:/xampp/htdocs/riskmanagementsystem/risk-management/vendor/laravel/framework/src/Illuminate/Database/Concerns/ManagesTransactions.php(32): Illuminate/Database/Migrations/Migrator->Illuminate/Database/Migrations/{closure}(Object(Yajra/Oci8/Oci8Connection))
#10 C:/xampp/htdocs/riskmanagementsystem/risk-management/vendor/laravel/framework/src/Illuminate/Database/Migrations/Migrator.php(440): Illuminate/Database/Connection->transaction(Object(Closure))
#11 C:/xampp/htdocs/riskmanagementsystem/risk-management/vendor/laravel/framework/src/Illuminate/Database/Migrations/Migrator.php(244): Illuminate/Database/Migrations/Migrator->runMigration(Object(Illuminate/Database/Migrations/Migration@anonymous), 'up')
#12 C:/xampp/htdocs/riskmanagementsystem/risk-management/vendor/laravel/framework/src/Illuminate/Console/View/Components/Task.php(40): Illuminate/Database/Migrations/Migrator->Illuminate/Database/Migrations/{closure}()
#13 C:/xampp/htdocs/riskmanagementsystem/risk-management/vendor/laravel/framework/src/Illuminate/Database/Migrations/Migrator.php(798): Illuminate/Console/View/Components/Task->render('2025_02_01_0000...', Object(Closure))
#14 C:/xampp/htdocs/riskmanagementsystem/risk-management/vendor/laravel/framework/src/Illuminate/Database/Migrations/Migrator.php(244): Illuminate/Database/Migrations/Migrator->write('Illuminate//Cons...', '2025_02_01_0000...', Object(Closure))
#15 C:/xampp/htdocs/riskmanagementsystem/risk-management/vendor/laravel/framework/src/Illuminate/Database/Migrations/Migrator.php(211): Illuminate/Database/Migrations/Migrator->runUp('C://xampp//htdocs...', 2, false)
#16 C:/xampp/htdocs/riskmanagementsystem/risk-management/vendor/laravel/framework/src/Illuminate/Database/Migrations/Migrator.php(138): Illuminate/Database/Migrations/Migrator->runPending(Array, Array)
#17 C:/xampp/htdocs/riskmanagementsystem/risk-management/vendor/laravel/framework/src/Illuminate/Database/Console/Migrations/MigrateCommand.php(117): Illuminate/Database/Migrations/Migrator->run(Array, Array)
#18 C:/xampp/htdocs/riskmanagementsystem/risk-management/vendor/laravel/framework/src/Illuminate/Database/Migrations/Migrator.php(658): Illuminate/Database/Console/Migrations/MigrateCommand->Illuminate/Database/Console/Migrations/{closure}()
#19 C:/xampp/htdocs/riskmanagementsystem/risk-management/vendor/laravel/framework/src/Illuminate/Database/Console/Migrations/MigrateCommand.php(110): Illuminate/Database/Migrations/Migrator->usingConnection(NULL, Object(Closure))
#20 C:/xampp/htdocs/riskmanagementsystem/risk-management/vendor/laravel/framework/src/Illuminate/Database/Console/Migrations/MigrateCommand.php(89): Illuminate/Database/Console/Migrations/MigrateCommand->runMigrations()
#21 C:/xampp/htdocs/riskmanagementsystem/risk-management/vendor/laravel/framework/src/Illuminate/Container/BoundMethod.php(36): Illuminate/Database/Console/Migrations/MigrateCommand->handle()
#22 C:/xampp/htdocs/riskmanagementsystem/risk-management/vendor/laravel/framework/src/Illuminate/Container/Util.php(43): Illuminate/Container/BoundMethod::Illuminate/Container/{closure}()
#23 C:/xampp/htdocs/riskmanagementsystem/risk-management/vendor/laravel/framework/src/Illuminate/Container/BoundMethod.php(95): Illuminate/Container/Util::unwrapIfClosure(Object(Closure))
#24 C:/xampp/htdocs/riskmanagementsystem/risk-management/vendor/laravel/framework/src/Illuminate/Container/BoundMethod.php(35): Illuminate/Container/BoundMethod::callBoundMethod(Object(Illuminate/Foundation/Application), Array, Object(Closure))
#25 C:/xampp/htdocs/riskmanagementsystem/risk-management/vendor/laravel/framework/src/Illuminate/Container/Container.php(696): Illuminate/Container/BoundMethod::call(Object(Illuminate/Foundation/Application), Array, Array, NULL)
#26 C:/xampp/htdocs/riskmanagementsystem/risk-management/vendor/laravel/framework/src/Illuminate/Console/Command.php(213): Illuminate/Container/Container->call(Array)
#27 C:/xampp/htdocs/riskmanagementsystem/risk-management/vendor/symfony/console/Command/Command.php(341): Illuminate/Console/Command->execute(Object(Symfony/Component/Console/Input/ArgvInput), Object(Illuminate/Console/OutputStyle))
#28 C:/xampp/htdocs/riskmanagementsystem/risk-management/vendor/laravel/framework/src/Illuminate/Console/Command.php(182): Symfony/Component/Console/Command/Command->run(Object(Symfony/Component/Console/Input/ArgvInput), Object(Illuminate/Console/OutputStyle))
#29 C:/xampp/htdocs/riskmanagementsystem/risk-management/vendor/symfony/console/Application.php(1117): Illuminate/Console/Command->run(Object(Symfony/Component/Console/Input/ArgvInput), Object(Symfony/Component/Console/Output/ConsoleOutput))
#30 C:/xampp/htdocs/riskmanagementsystem/risk-management/vendor/symfony/console/Application.php(356): Symfony/Component/Console/Application->doRunCommand(Object(Illuminate/Database/Console/Migrations/MigrateCommand), Object(Symfony/Component/Console/Input/ArgvInput), Object(Symfony/Component/Console/Output/ConsoleOutput))
#31 C:/xampp/htdocs/riskmanagementsystem/risk-management/vendor/symfony/console/Application.php(195): Symfony/Component/Console/Application->doRun(Object(Symfony/Component/Console/Input/ArgvInput), Object(Symfony/Component/Console/Output/ConsoleOutput))
#32 C:/xampp/htdocs/riskmanagementsystem/risk-management/vendor/laravel/framework/src/Illuminate/Foundation/Console/Kernel.php(198): Symfony/Component/Console/Application->run(Object(Symfony/Component/Console/Input/ArgvInput), Object(Symfony/Component/Console/Output/ConsoleOutput))
#33 C:/xampp/htdocs/riskmanagementsystem/risk-management/vendor/laravel/framework/src/Illuminate/Foundation/Application.php(1235): Illuminate/Foundation/Console/Kernel->handle(Object(Symfony/Component/Console/Input/ArgvInput), Object(Symfony/Component/Console/Output/ConsoleOutput))
#34 C:/xampp/htdocs/riskmanagementsystem/risk-management/artisan(14): Illuminate/Foundation/Application->handleCommand(Object(Symfony/Component/Console/Input/ArgvInput))
#35 {main}

[previous exception] [object] (Yajra\\Pdo\\Oci8\\Exceptions\\Oci8Exception(code: 2443): Error Code    : 2443

Error Message : ORA-02443: Cannot drop constraint  - nonexistent constraint
Help: https://docs.oracle.com/error-help/db/ora-02443/

Position      : 42

Statement     : alter table \"DEPARTMENTS\" drop constraint departments_sector_code_foreig

Bindings      : []

 at C:/xampp/htdocs/riskmanagementsystem/risk-management/vendor/yajra/laravel-pdo-via-oci8/src/Pdo/Oci8/Statement.php:798)
[stacktrace]
#0 C:/xampp/htdocs/riskmanagementsystem/risk-management/vendor/laravel/framework/src/Illuminate/Database/Connection.php(571): Yajra/Pdo/Oci8/Statement->execute()
#1 C:/xampp/htdocs/riskmanagementsystem/risk-management/vendor/laravel/framework/src/Illuminate/Database/Connection.php(812): Illuminate/Database/Connection->Illuminate/Database/{closure}('alter table \"DE...', Array)
#2 C:/xampp/htdocs/riskmanagementsystem/risk-management/vendor/laravel/framework/src/Illuminate/Database/Connection.php(779): Illuminate/Database/Connection->runQueryCallback('alter table \"DE...', Array, Object(Closure))
#3 C:/xampp/htdocs/riskmanagementsystem/risk-management/vendor/laravel/framework/src/Illuminate/Database/Connection.php(560): Illuminate/Database/Connection->run('alter table \"DE...', Array, Object(Closure))
#4 C:/xampp/htdocs/riskmanagementsystem/risk-management/vendor/laravel/framework/src/Illuminate/Database/Schema/Blueprint.php(118): Illuminate/Database/Connection->statement('alter table \"DE...')
#5 C:/xampp/htdocs/riskmanagementsystem/risk-management/vendor/laravel/framework/src/Illuminate/Database/Schema/Builder.php(564): Illuminate/Database/Schema/Blueprint->build(Object(Yajra/Oci8/Oci8Connection), Object(Yajra/Oci8/Schema/Grammars/OracleGrammar))
#6 C:/xampp/htdocs/riskmanagementsystem/risk-management/vendor/yajra/laravel-oci8/src/Oci8/Schema/OracleBuilder.php(88): Illuminate/Database/Schema/Builder->build(Object(Yajra/Oci8/Schema/OracleBlueprint))
#7 C:/xampp/htdocs/riskmanagementsystem/risk-management/vendor/laravel/framework/src/Illuminate/Support/Facades/Facade.php(361): Yajra/Oci8/Schema/OracleBuilder->table('departments', Object(Closure))
#8 C:/xampp/htdocs/riskmanagementsystem/risk-management/database/migrations/2025_02_01_000050_use_new_po_for_sectors_departments.php(31): Illuminate/Support/Facades/Facade::__callStatic('table', Array)
#9 C:/xampp/htdocs/riskmanagementsystem/risk-management/vendor/laravel/framework/src/Illuminate/Database/Migrations/Migrator.php(507): Illuminate/Database/Migrations/Migration@anonymous->up()
#10 C:/xampp/htdocs/riskmanagementsystem/risk-management/vendor/laravel/framework/src/Illuminate/Database/Migrations/Migrator.php(432): Illuminate/Database/Migrations/Migrator->runMethod(Object(Yajra/Oci8/Oci8Connection), Object(Illuminate/Database/Migrations/Migration@anonymous), 'up')
#11 C:/xampp/htdocs/riskmanagementsystem/risk-management/vendor/laravel/framework/src/Illuminate/Database/Concerns/ManagesTransactions.php(32): Illuminate/Database/Migrations/Migrator->Illuminate/Database/Migrations/{closure}(Object(Yajra/Oci8/Oci8Connection))
#12 C:/xampp/htdocs/riskmanagementsystem/risk-management/vendor/laravel/framework/src/Illuminate/Database/Migrations/Migrator.php(440): Illuminate/Database/Connection->transaction(Object(Closure))
#13 C:/xampp/htdocs/riskmanagementsystem/risk-management/vendor/laravel/framework/src/Illuminate/Database/Migrations/Migrator.php(244): Illuminate/Database/Migrations/Migrator->runMigration(Object(Illuminate/Database/Migrations/Migration@anonymous), 'up')
#14 C:/xampp/htdocs/riskmanagementsystem/risk-management/vendor/laravel/framework/src/Illuminate/Console/View/Components/Task.php(40): Illuminate/Database/Migrations/Migrator->Illuminate/Database/Migrations/{closure}()
#15 C:/xampp/htdocs/riskmanagementsystem/risk-management/vendor/laravel/framework/src/Illuminate/Database/Migrations/Migrator.php(798): Illuminate/Console/View/Components/Task->render('2025_02_01_0000...', Object(Closure))
#16 C:/xampp/htdocs/riskmanagementsystem/risk-management/vendor/laravel/framework/src/Illuminate/Database/Migrations/Migrator.php(244): Illuminate/Database/Migrations/Migrator->write('Illuminate//Cons...', '2025_02_01_0000...', Object(Closure))
#17 C:/xampp/htdocs/riskmanagementsystem/risk-management/vendor/laravel/framework/src/Illuminate/Database/Migrations/Migrator.php(211): Illuminate/Database/Migrations/Migrator->runUp('C://xampp//htdocs...', 2, false)
#18 C:/xampp/htdocs/riskmanagementsystem/risk-management/vendor/laravel/framework/src/Illuminate/Database/Migrations/Migrator.php(138): Illuminate/Database/Migrations/Migrator->runPending(Array, Array)
#19 C:/xampp/htdocs/riskmanagementsystem/risk-management/vendor/laravel/framework/src/Illuminate/Database/Console/Migrations/MigrateCommand.php(117): Illuminate/Database/Migrations/Migrator->run(Array, Array)
#20 C:/xampp/htdocs/riskmanagementsystem/risk-management/vendor/laravel/framework/src/Illuminate/Database/Migrations/Migrator.php(658): Illuminate/Database/Console/Migrations/MigrateCommand->Illuminate/Database/Console/Migrations/{closure}()
#21 C:/xampp/htdocs/riskmanagementsystem/risk-management/vendor/laravel/framework/src/Illuminate/Database/Console/Migrations/MigrateCommand.php(110): Illuminate/Database/Migrations/Migrator->usingConnection(NULL, Object(Closure))
#22 C:/xampp/htdocs/riskmanagementsystem/risk-management/vendor/laravel/framework/src/Illuminate/Database/Console/Migrations/MigrateCommand.php(89): Illuminate/Database/Console/Migrations/MigrateCommand->runMigrations()
#23 C:/xampp/htdocs/riskmanagementsystem/risk-management/vendor/laravel/framework/src/Illuminate/Container/BoundMethod.php(36): Illuminate/Database/Console/Migrations/MigrateCommand->handle()
#24 C:/xampp/htdocs/riskmanagementsystem/risk-management/vendor/laravel/framework/src/Illuminate/Container/Util.php(43): Illuminate/Container/BoundMethod::Illuminate/Container/{closure}()
#25 C:/xampp/htdocs/riskmanagementsystem/risk-management/vendor/laravel/framework/src/Illuminate/Container/BoundMethod.php(95): Illuminate/Container/Util::unwrapIfClosure(Object(Closure))
#26 C:/xampp/htdocs/riskmanagementsystem/risk-management/vendor/laravel/framework/src/Illuminate/Container/BoundMethod.php(35): Illuminate/Container/BoundMethod::callBoundMethod(Object(Illuminate/Foundation/Application), Array, Object(Closure))
#27 C:/xampp/htdocs/riskmanagementsystem/risk-management/vendor/laravel/framework/src/Illuminate/Container/Container.php(696): Illuminate/Container/BoundMethod::call(Object(Illuminate/Foundation/Application), Array, Array, NULL)
#28 C:/xampp/htdocs/riskmanagementsystem/risk-management/vendor/laravel/framework/src/Illuminate/Console/Command.php(213): Illuminate/Container/Container->call(Array)
#29 C:/xampp/htdocs/riskmanagementsystem/risk-management/vendor/symfony/console/Command/Command.php(341): Illuminate/Console/Command->execute(Object(Symfony/Component/Console/Input/ArgvInput), Object(Illuminate/Console/OutputStyle))
#30 C:/xampp/htdocs/riskmanagementsystem/risk-management/vendor/laravel/framework/src/Illuminate/Console/Command.php(182): Symfony/Component/Console/Command/Command->run(Object(Symfony/Component/Console/Input/ArgvInput), Object(Illuminate/Console/OutputStyle))
#31 C:/xampp/htdocs/riskmanagementsystem/risk-management/vendor/symfony/console/Application.php(1117): Illuminate/Console/Command->run(Object(Symfony/Component/Console/Input/ArgvInput), Object(Symfony/Component/Console/Output/ConsoleOutput))
#32 C:/xampp/htdocs/riskmanagementsystem/risk-management/vendor/symfony/console/Application.php(356): Symfony/Component/Console/Application->doRunCommand(Object(Illuminate/Database/Console/Migrations/MigrateCommand), Object(Symfony/Component/Console/Input/ArgvInput), Object(Symfony/Component/Console/Output/ConsoleOutput))
#33 C:/xampp/htdocs/riskmanagementsystem/risk-management/vendor/symfony/console/Application.php(195): Symfony/Component/Console/Application->doRun(Object(Symfony/Component/Console/Input/ArgvInput), Object(Symfony/Component/Console/Output/ConsoleOutput))
#34 C:/xampp/htdocs/riskmanagementsystem/risk-management/vendor/laravel/framework/src/Illuminate/Foundation/Console/Kernel.php(198): Symfony/Component/Console/Application->run(Object(Symfony/Component/Console/Input/ArgvInput), Object(Symfony/Component/Console/Output/ConsoleOutput))
#35 C:/xampp/htdocs/riskmanagementsystem/risk-management/vendor/laravel/framework/src/Illuminate/Foundation/Application.php(1235): Illuminate/Foundation/Console/Kernel->handle(Object(Symfony/Component/Console/Input/ArgvInput), Object(Symfony/Component/Console/Output/ConsoleOutput))
#36 C:/xampp/htdocs/riskmanagementsystem/risk-management/artisan(14): Illuminate/Foundation/Application->handleCommand(Object(Symfony/Component/Console/Input/ArgvInput))
#37 {main}
"} 
